Tarih,Tıklamalar,Gösterimler,TO,Pozisyon
2026-08-12,0,0,,
2026-08-13,0,0,,
2026-08-14,0,23,0.00%,18.7
2026-08-15,10,229,4.37%,20.3
2026-08-16,16,269,5.95%,27.4
2026-08-17,7,257,2.72%,32.6
2026-08-18,4,155,2.58%,28.8
2026-08-19,4,174,2.30%,30.7
2026-08-20,9,193,4.66%,31.5
2026-08-21,8,204,3.92%,31.7
2026-08-22,7,147,4.76%,23.5
2026-08-23,9,157,5.73%,19.1
2026-08-24,11,149,7.38%,22.6
2026-08-25,8,141,5.67%,25
2026-08-26,13,166,7.83%,20.4
2026-08-27,5,142,3.52%,23.8
2026-08-28,11,138,7.97%,25.9
2026-08-29,9,156,5.77%,19.1
2026-08-30,13,208,6.25%,18.2
2026-08-31,9,158,5.70%,18.2
2026-09-01,5,108,4.63%,12.2
2026-09-02,10,156,6.41%,13.8
2026-09-03,4,89,4.49%,13.6
2026-09-04,0,3,0.00%,5
2026-09-05,0,6,0.00%,16.5
2026-09-06,0,5,0.00%,17
2026-09-07,0,17,0.00%,11.9
2026-09-08,6,149,4.03%,11
2026-09-09,8,147,5.44%,13
2026-09-10,6,142,4.23%,11.1
2026-09-11,13,178,7.30%,8.5
2026-09-12,6,137,4.38%,8.5
2026-09-13,11,147,7.48%,9.7
2026-09-14,0,5,0.00%,22.8
2026-09-15,1,3,33.33%,9.3
2026-09-16,1,2,50.00%,1.5
2026-09-17,0,3,0.00%,4.7
2026-09-18,0,0,,
2026-09-19,0,4,0.00%,6.5
2026-09-20,1,7,14.29%,4.9
2026-09-21,1,5,20.00%,19.4
2026-09-22,0,4,0.00%,6.5
2026-09-23,3,14,21.43%,15.7
2026-09-24,5,143,3.50%,8.4
2026-09-25,11,125,8.80%,7.5
2026-09-26,8,151,5.30%,8.6
2026-09-27,7,168,4.17%,8.6
2026-09-28,0,15,0.00%,5.9
2026-09-29,2,76,2.63%,11.7
2026-09-30,6,175,3.43%,6.7
2026-10-01,14,203,6.90%,12.1
2026-10-02,9,173,5.20%,11.5
