En alakalı sayfalar,Tıklamalar,Gösterimler,TO,Pozisyon
https://modunera.com/standorte/schweiz/zuerich/adliswil-oberleimbach/,14,44,31.82%,2.84
https://modunera.com/standorte/schweiz/bern/wiedlisbach/,12,31,38.71%,9.84
https://modunera.com/standorte/nordrhein-westfalen/nettetal/,11,100,11.00%,6.32
https://modunera.com/laender/daenemark/,9,185,4.86%,7.34
https://modunera.com/,8,30,26.67%,3.63
https://modunera.com/standorte/schweiz/zuerich/adliswil-huendli-zopf/,8,28,28.57%,2.68
https://modunera.com/standorte/baden-wuerttemberg/meissenheim/,8,26,30.77%,7.27
https://modunera.com/en/locations/switzerland/zuerich/embrach-embrach-dorfkern/,4,10,40.00%,2
https://modunera.com/standorte/bayern/tegernsee/,4,9,44.44%,6.22
https://modunera.com/en/countries/switzerland/,3,69,4.35%,8.14
https://modunera.com/standorte/bayern/neu-ulm/,3,57,5.26%,10.6
https://modunera.com/standorte/bayern/weigendorf/,3,12,25.00%,3.5
https://modunera.com/standorte/bayern/vohenstrauss/,3,12,25.00%,4.67
https://modunera.com/blog/tiny-house-aus-der-tuerkei/,3,12,25.00%,9.67
https://modunera.com/standorte/nordrhein-westfalen/rietberg/,3,10,30.00%,4.8
https://modunera.com/standorte/schweiz/zuerich/wetzikon-kempten/,3,9,33.33%,3.33
https://modunera.com/en/locations/netherlands/limburg/ysselsteyn/,3,4,75.00%,3.5
https://modunera.com/en/locations/netherlands/zuid-holland/nieuwerkerk-aan-den-ijssel/,3,3,100.00%,2.33
https://modunera.com/en/guides/tiny-house-denmark-permits/,2,141,1.42%,26.52
https://modunera.com/blog/europa/grundstueck-stellplatz-europa/,2,48,4.17%,7.65
https://modunera.com/standorte/baden-wuerttemberg/ludwigsburg/,2,40,5.00%,8.12
https://modunera.com/standorte/mecklenburg-vorpommern/stralsund/,2,22,9.09%,4.86
https://modunera.com/standorte/baden-wuerttemberg/goeppingen/,2,22,9.09%,5.45
https://modunera.com/standorte/bayern/schweinfurt/,2,21,9.52%,4.24
https://modunera.com/fr/blog/tiny-house-surchauffe-estivale/,2,20,10.00%,6.75
https://modunera.com/en/,2,19,10.53%,6.95
https://modunera.com/da/blog/tiny-house-hems-eller-stueplan/,2,19,10.53%,9.05
https://modunera.com/da/nyheder/koege-tiny-varigheden-boliglaboratorium/,2,19,10.53%,21
https://modunera.com/standorte/bayern/guenzburg/,2,16,12.50%,7
https://modunera.com/standorte/nordrhein-westfalen/herford/,2,12,16.67%,6.58
https://modunera.com/standorte/baden-wuerttemberg/oberteuringen/,2,9,22.22%,3.67
https://modunera.com/en/locations/luxembourg/grevenmacher/betzdorf/,2,9,22.22%,6.56
https://modunera.com/standorte/schweiz/zuerich/stadt-winterthur-kreis-1-toessfeld/,2,7,28.57%,9
https://modunera.com/standorte/bayern/gaimersheim/,2,6,33.33%,2
https://modunera.com/en/locations/netherlands/friesland/mantgum/,2,6,33.33%,3.83
https://modunera.com/en/locations/luxembourg/remich/stadtbredimus/,2,6,33.33%,6.67
https://modunera.com/standorte/niedersachsen/elze-48c1e/,2,6,33.33%,8.33
https://modunera.com/blog/tiny-house-ferienpark-leitfaden/,2,6,33.33%,22.33
https://modunera.com/en/locations/switzerland/uri/silenen/,2,4,50.00%,1.5
https://modunera.com/standorte/sachsen-anhalt/genthin/,2,4,50.00%,3.25
https://modunera.com/standorte/bayern/buttenheim/,2,4,50.00%,4
https://modunera.com/standorte/baden-wuerttemberg/empfingen/,2,4,50.00%,6
https://modunera.com/standorte/niedersachsen/dohren/,2,3,66.67%,3.33
https://modunera.com/en/locations/netherlands/limburg/wellerlooi/,2,2,100.00%,1
https://modunera.com/standorte/hessen/idstein/,2,2,100.00%,1.5
https://modunera.com/standorte/thueringen/langenwetzendorf/,2,2,100.00%,1.5
https://modunera.com/standorte/schweiz/zuerich/volketswil-volketswil-dorf/,2,2,100.00%,2
https://modunera.com/en/models/md-8/,1,84,1.19%,49.15
https://modunera.com/da/blog/tilladelse-og-lovgivning/,1,70,1.43%,18.74
https://modunera.com/blog/europa/tiny-house-daenemark-genehmigung/,1,47,2.13%,28.66
https://modunera.com/en/guides/tiny-house-germany-permits/,1,45,2.22%,13.27
https://modunera.com/en/countries/netherlands/,1,37,2.70%,8.03
https://modunera.com/en/countries/germany/,1,34,2.94%,7
https://modunera.com/en/countries/luxembourg/,1,31,3.23%,11
https://modunera.com/blog/tiny-house-daemmung-fehler-checkliste/,1,23,4.35%,20.26
https://modunera.com/standorte/sachsen/goerlitz/,1,20,5.00%,7.3
https://modunera.com/fragen/niederlande/,1,19,5.26%,4.74
https://modunera.com/fragen/luxemburg/,1,19,5.26%,12.21
https://modunera.com/standorte/bayern/altdorf-bei-nuernberg/,1,18,5.56%,8.83
https://modunera.com/modelle/md-1/,1,18,5.56%,12.17
https://modunera.com/en/locations/switzerland/zuerich/adliswil-adliswil-stadtkern/,1,16,6.25%,6.06
https://modunera.com/en/models/md-7/,1,16,6.25%,15.75
https://modunera.com/fr/questions-par-pays/suisse/,1,15,6.67%,7.07
https://modunera.com/standorte/baden-wuerttemberg/murrhardt/,1,14,7.14%,6.64
https://modunera.com/standorte/sachsen/reichenbach-vogtland/,1,14,7.14%,7.29
https://modunera.com/leistungen/stahlbau/,1,14,7.14%,9.57
https://modunera.com/en/models/,1,12,8.33%,8.75
https://modunera.com/da/ydelser/staalkonstruktioner/,1,12,8.33%,15.17
https://modunera.com/modelle/md-6/,1,11,9.09%,4.09
https://modunera.com/nl/blog/tiny-house-water-en-afvalwater/,1,11,9.09%,5
https://modunera.com/standorte/nordrhein-westfalen/rheda-wiedenbrueck/,1,10,10.00%,5.3
https://modunera.com/standorte/bayern/bad-abbach/,1,10,10.00%,6
https://modunera.com/standorte/bayern/weissenhorn/,1,9,11.11%,3.89
https://modunera.com/standorte/nordrhein-westfalen/ahlen/,1,9,11.11%,4.11
https://modunera.com/standorte/sachsen-anhalt/sangerhausen/,1,9,11.11%,4.33
https://modunera.com/blog/tiny-house-sommerhitze-fehler-checkliste/,1,9,11.11%,9.78
https://modunera.com/standorte/baden-wuerttemberg/wimsheim/,1,8,12.50%,4.12
https://modunera.com/standorte/bayern/schoenau-am-koenigssee/,1,8,12.50%,4.38
https://modunera.com/standorte/daenemark/midtjylland/hvide-sande/,1,8,12.50%,9.5
https://modunera.com/en/locations/netherlands/friesland/augustinusga/,1,8,12.50%,28.88
https://modunera.com/standorte/schweiz/thurgau/ermatingen/,1,7,14.29%,3.71
https://modunera.com/standorte/hessen/witzenhausen/,1,7,14.29%,5.29
https://modunera.com/standorte/berlin/lichterfelde/,1,7,14.29%,5.57
https://modunera.com/standorte/sachsen-anhalt/koethen/,1,7,14.29%,7.43
https://modunera.com/standorte/schweiz/zuerich/wetzikon-ober-wetzikon/,1,7,14.29%,7.71
https://modunera.com/nl/vragen-per-land/zwitserland/,1,6,16.67%,2.5
https://modunera.com/nl/blog/tiny-house-restwaarde/,1,6,16.67%,3.67
https://modunera.com/standorte/thueringen/gehren/,1,6,16.67%,3.67
https://modunera.com/standorte/bayern/ploessberg/,1,6,16.67%,6.83
https://modunera.com/standorte/luxemburg/remich/canach/,1,6,16.67%,9
https://modunera.com/standorte/hessen/kelsterbach/,1,6,16.67%,10.67
https://modunera.com/standorte/schweiz/st-gallen/moerschwil/,1,6,16.67%,12
https://modunera.com/standorte/nordrhein-westfalen/vlotho/,1,6,16.67%,25.17
https://modunera.com/standorte/schweiz/nidwalden/beckenried/,1,5,20.00%,3
https://modunera.com/standorte/sachsen/kamenz/,1,5,20.00%,3.8
https://modunera.com/standorte/schweiz/zuerich/pfaeffikon-pfaeffikon-dorfkern/,1,5,20.00%,4.4
https://modunera.com/standorte/luxemburg/echternach/echternach/,1,5,20.00%,5.2
https://modunera.com/da/blog/tiny-house-badevaerelse/,1,5,20.00%,5.8
https://modunera.com/en/locations/denmark/hovedstaden/liller-d/,1,5,20.00%,6
https://modunera.com/standorte/nordrhein-westfalen/leichlingen/,1,5,20.00%,6.2
https://modunera.com/standorte/niedersachsen/walsrode/,1,5,20.00%,7.2
https://modunera.com/standorte/baden-wuerttemberg/talheim-081/,1,5,20.00%,10
https://modunera.com/en/locations/netherlands/friesland/heerenveen/,1,5,20.00%,25
https://modunera.com/standorte/bayern/schondorf-am-ammersee/,1,4,25.00%,2.25
https://modunera.com/standorte/schweiz/zuerich/horgen-horgen-dorfkern/,1,4,25.00%,3.75
https://modunera.com/standorte/schweiz/zuerich/neftenbach-dorf-neftenbach/,1,4,25.00%,4
https://modunera.com/en/locations/netherlands/friesland/lemmer/,1,4,25.00%,4.75
https://modunera.com/standorte/baden-wuerttemberg/hohentengen-083/,1,4,25.00%,5.5
https://modunera.com/standorte/bayern/priesendorf/,1,4,25.00%,5.5
https://modunera.com/standorte/bayern/bischofsheim-in-der-rhoen/,1,4,25.00%,6
https://modunera.com/standorte/bayern/bad-griesbach/,1,4,25.00%,7.25
https://modunera.com/standorte/rheinland-pfalz/etzbach/,1,4,25.00%,7.5
https://modunera.com/en/locations/luxembourg/remich/lenningen/,1,4,25.00%,7.75
https://modunera.com/standorte/brandenburg/wusterhausen/,1,4,25.00%,9.75
https://modunera.com/da/,1,4,25.00%,19.5
https://modunera.com/en/locations/denmark/nordjylland/l-gst-r/,1,3,33.33%,1.67
https://modunera.com/standorte/baden-wuerttemberg/unterreichenbach/,1,3,33.33%,1.67
https://modunera.com/en/locations/netherlands/groningen/schildwolde/,1,3,33.33%,2
https://modunera.com/standorte/bayern/bad-windsheim/,1,3,33.33%,2
https://modunera.com/standorte/schweiz/zuerich/hittnau-hittnau-dorf/,1,3,33.33%,2
https://modunera.com/standorte/schweiz/zuerich/grossacker-opfikon/,1,3,33.33%,2.67
https://modunera.com/standorte/baden-wuerttemberg/heiligenberg/,1,3,33.33%,3
https://modunera.com/en/locations/netherlands/gelderland/epse/,1,3,33.33%,4
https://modunera.com/standorte/schweiz/zuerich/wettswil-wettswil-dorf/,1,3,33.33%,4
https://modunera.com/en/locations/netherlands/zeeland/vlissingen/,1,3,33.33%,4.33
https://modunera.com/standorte/bayern/kirchdorf-im-wald/,1,3,33.33%,4.33
https://modunera.com/en/locations/netherlands/groningen/nieuwe-pekela/,1,3,33.33%,5.33
https://modunera.com/standorte/rheinland-pfalz/niederfell/,1,3,33.33%,7
https://modunera.com/standorte/schleswig-holstein/sankt-peter-ording/,1,3,33.33%,7
https://modunera.com/en/locations/netherlands/gelderland/huissen/,1,3,33.33%,9.33
https://modunera.com/en/locations/netherlands/gelderland/winterswijk/,1,3,33.33%,9.67
https://modunera.com/en/locations/netherlands/noord-brabant/klein-zundert/,1,3,33.33%,10.67
https://modunera.com/en/locations/netherlands/limburg/keent/,1,2,50.00%,1
https://modunera.com/en/locations/netherlands/limburg/meezenbroek/,1,2,50.00%,1
https://modunera.com/standorte/niedersachsen/hesel/,1,2,50.00%,1
https://modunera.com/standorte/baden-wuerttemberg/koenigheim/,1,2,50.00%,1.5
https://modunera.com/standorte/hessen/burgsolms/,1,2,50.00%,1.5
https://modunera.com/standorte/schweiz/zuerich/uetikon-grossdorf/,1,2,50.00%,1.5
https://modunera.com/standorte/baden-wuerttemberg/grossbottwar/,1,2,50.00%,2
https://modunera.com/standorte/schweiz/bern/luetzelflueh/,1,2,50.00%,2.5
https://modunera.com/standorte/baden-wuerttemberg/gueglingen/,1,2,50.00%,3
https://modunera.com/en/locations/luxembourg/remich/schengen/,1,2,50.00%,3.5
https://modunera.com/standorte/baden-wuerttemberg/tannhausen/,1,2,50.00%,4
https://modunera.com/fr/blog/tiny-house-fenetres-et-vitrage/,1,2,50.00%,4.5
https://modunera.com/standorte/bayern/bad-toelz/,1,2,50.00%,4.5
https://modunera.com/en/locations/switzerland/zuerich/zuerich-kreis-2/,1,2,50.00%,5
https://modunera.com/en/locations/denmark/hovedstaden/ish-j/,1,2,50.00%,5.5
https://modunera.com/en/locations/netherlands/limburg/ulestraten/,1,2,50.00%,6
https://modunera.com/standorte/baden-wuerttemberg/horb-am-neckar/,1,2,50.00%,6
https://modunera.com/standorte/hessen/breitenbach/,1,2,50.00%,6
https://modunera.com/en/locations/switzerland/vaud/yverdon-les-bains/,1,2,50.00%,6.5
https://modunera.com/standorte/daenemark/nordjylland/hurup/,1,2,50.00%,6.5
https://modunera.com/standorte/rheinland-pfalz/weingarten/,1,2,50.00%,6.5
https://modunera.com/fr/blog/tiny-house-solutions-de-rangement/,1,2,50.00%,8
https://modunera.com/en/locations/switzerland/basel-landschaft/ormalingen/,1,2,50.00%,10
https://modunera.com/en/locations/netherlands/utrecht/wilnis/,1,2,50.00%,10.5
https://modunera.com/en/locations/netherlands/gelderland/oosterbeek/,1,2,50.00%,11
https://modunera.com/standorte/schweiz/graubuenden/thusis/,1,2,50.00%,11
https://modunera.com/en/locations/luxembourg/wiltz/boulaide/,1,1,100.00%,1
https://modunera.com/en/locations/netherlands/gelderland/gendringen/,1,1,100.00%,1
https://modunera.com/en/locations/netherlands/gelderland/heelsum/,1,1,100.00%,1
https://modunera.com/en/locations/netherlands/groningen/musselkanaal/,1,1,100.00%,1
https://modunera.com/en/locations/netherlands/limburg/kelpen-oler/,1,1,100.00%,1
https://modunera.com/en/locations/switzerland/thurgau/sulgen/,1,1,100.00%,1
https://modunera.com/standorte/bayern/buchloe/,1,1,100.00%,1
https://modunera.com/standorte/bayern/hinterschmiding/,1,1,100.00%,1
https://modunera.com/standorte/hessen/geisenheim/,1,1,100.00%,1
https://modunera.com/standorte/schweiz/zuerich/glattbrugg-wydacker-bettacker-laettenwiesen/,1,1,100.00%,1
https://modunera.com/en/locations/denmark/sj-lland/stenlille/,1,1,100.00%,2
https://modunera.com/standorte/baden-wuerttemberg/obernheim/,1,1,100.00%,2
https://modunera.com/standorte/baden-wuerttemberg/winterbach/,1,1,100.00%,2
https://modunera.com/standorte/niederlande/noord-brabant/nuland/,1,1,100.00%,2
https://modunera.com/standorte/schweiz/aargau/uerkheim/,1,1,100.00%,2
https://modunera.com/standorte/schweiz/zuerich/niederhasli/,1,1,100.00%,2
https://modunera.com/fr/blog/transport-et-import/,1,1,100.00%,4
https://modunera.com/en/locations/netherlands/noord-holland/opperdoes/,1,1,100.00%,6
https://modunera.com/standorte/schweiz/zuerich/regensdorf-obstgarten/,1,1,100.00%,10
https://modunera.com/standorte/niederlande/gelderland/nijkerk/,1,1,100.00%,12
https://modunera.com/en/blog/permits-and-law/,0,200,0.00%,44.02
https://modunera.com/news/menden-sauerlandstrasse-tiny-house-siedlung/,0,107,0.00%,8.51
https://modunera.com/da/ydelser/modulbyggeri/,0,105,0.00%,46.14
https://modunera.com/en/blog/,0,87,0.00%,55.97
https://modunera.com/tiny-house-preise/,0,82,0.00%,69.96
https://modunera.com/blog/tiny-house-baugenehmigung-leitfaden/,0,70,0.00%,60.71
https://modunera.com/en/guides/,0,69,0.00%,56.97
https://modunera.com/tools/,0,59,0.00%,62.37
https://modunera.com/blog/praxis/stromanschluss-und-lastmanagement/,0,58,0.00%,2.69
https://modunera.com/blog/europa/anschluesse-strom-wasser-abwasser-europa/,0,49,0.00%,12.9
https://modunera.com/fr/blog/tiny-house-fondation/,0,47,0.00%,17.23
https://modunera.com/blog/tiny-house-finanzierung-leitfaden/,0,41,0.00%,69.29
https://modunera.com/blog/tiny-house-baugenehmigung-fehler-checkliste/,0,40,0.00%,79.83
https://modunera.com/da/lande/danmark/,0,39,0.00%,49.03
https://modunera.com/blog/tiny-house-airbnb-glamping/,0,36,0.00%,8.61
https://modunera.com/en/guides/customs-import-turkiye-europe/,0,35,0.00%,14.6
https://modunera.com/standorte/hessen/kassel/,0,32,0.00%,12.12
https://modunera.com/blog/europa/tiny-house-luxemburg-genehmigung/,0,29,0.00%,4.34
https://modunera.com/nl/blog/indeling-en-interieur/,0,28,0.00%,15.11
https://modunera.com/blog/tiny-house-homeoffice-leitfaden/,0,27,0.00%,31
https://modunera.com/standorte/baden-wuerttemberg/kressbronn-am-bodensee/,0,26,0.00%,10.65
https://modunera.com/nachhaltigkeit/,0,26,0.00%,84.69
https://modunera.com/da/nyheder/vejle-tommeliden-tiny-house-omraade/,0,24,0.00%,18.25
https://modunera.com/da/blog/tiny-house-fundament/,0,23,0.00%,10.96
https://modunera.com/nl/blog/vergunning-en-recht/,0,23,0.00%,37.26
https://modunera.com/fr/blog/tiny-house-installation-electrique/,0,22,0.00%,7.64
https://modunera.com/faq/europa/,0,21,0.00%,7.33
https://modunera.com/da/blog/oekonomi-og-finansiering/,0,21,0.00%,21.1
https://modunera.com/en/faq/,0,21,0.00%,21.52
https://modunera.com/standorte/thueringen/weimar/,0,20,0.00%,7.3
https://modunera.com/nl/diensten/containerbouw/,0,20,0.00%,21.15
https://modunera.com/blog/tiny-house-versicherung-leitfaden/,0,20,0.00%,57.35
https://modunera.com/da/nyheder/vinge-18-tiny-house-grunde/,0,19,0.00%,19.74
https://modunera.com/nl/landen/denemarken/,0,18,0.00%,4.28
https://modunera.com/standorte/schweiz/zuerich/dietikon-kreuzacker/,0,18,0.00%,5.11
https://modunera.com/blog/praxis/thermowood-vergraut-was-normal-ist/,0,18,0.00%,7.5
https://modunera.com/standorte/bayern/memmingen/,0,18,0.00%,29.11
https://modunera.com/konfigurator/?model=mc1,0,18,0.00%,48.06
https://modunera.com/nl/,0,17,0.00%,49.65
https://modunera.com/en/locations/netherlands/drenthe/emmerhout/,0,17,0.00%,77.18
https://modunera.com/standorte/sachsen/moritzburg/,0,16,0.00%,8.5
https://modunera.com/en/questions/germany/,0,16,0.00%,10.88
https://modunera.com/nl/blog/kosten-en-financiering/,0,16,0.00%,30.94
https://modunera.com/standorte/bayern/valley/,0,16,0.00%,40.56
https://modunera.com/en/locations/luxembourg/remich/,0,15,0.00%,4.07
https://modunera.com/standorte/baden-wuerttemberg/laupheim/,0,15,0.00%,4.13
https://modunera.com/en/countries/denmark/,0,15,0.00%,6.4
https://modunera.com/standorte/nordrhein-westfalen/kamp-lintfort/,0,15,0.00%,6.47
https://modunera.com/en/locations/denmark/hovedstaden/lilleroed/,0,15,0.00%,6.53
https://modunera.com/standorte/nordrhein-westfalen/moers/,0,15,0.00%,7.13
https://modunera.com/fr/blog/tiny-house-eau-et-assainissement/,0,15,0.00%,24.2
https://modunera.com/fr/blog/comparaison-et-alternatives/,0,14,0.00%,5.07
https://modunera.com/en/questions/luxembourg/,0,14,0.00%,5.64
https://modunera.com/da/ydelser/specialfremstillede-moebler/,0,14,0.00%,16.43
https://modunera.com/laender/deutschland/,0,14,0.00%,28.14
https://modunera.com/blog/tiny-house-nachhaltigkeit/,0,14,0.00%,77.79
https://modunera.com/standorte/baden-wuerttemberg/giengen-an-der-brenz/,0,13,0.00%,7.08
https://modunera.com/standorte/schleswig-holstein/boesdorf/,0,13,0.00%,10.62
https://modunera.com/en/locations/luxembourg/esch-sur-alzette/dudelange/,0,13,0.00%,10.92
https://modunera.com/blog/praxis/tauwasser-in-der-konstruktion-erkennen/,0,13,0.00%,17.69
https://modunera.com/en/blog/tiny-house-foundation/,0,13,0.00%,29.92
https://modunera.com/fr/services/construction-modulaire/,0,13,0.00%,43.23
https://modunera.com/en/locations/netherlands/friesland/aldeboarn/,0,13,0.00%,76
https://modunera.com/en/locations/netherlands/friesland/sintjohannesga/,0,13,0.00%,76.54
https://modunera.com/standorte/niederlande/friesland/kollumersweach/,0,13,0.00%,90
https://modunera.com/nl/vragen-per-land/duitsland/,0,12,0.00%,3.17
https://modunera.com/standorte/schweiz/zuerich/uster-ober-uster/,0,12,0.00%,4.67
https://modunera.com/nl/blog/vergelijking-en-alternatieven/,0,12,0.00%,8.83
https://modunera.com/standorte/nordrhein-westfalen/bedburg/,0,12,0.00%,10.92
https://modunera.com/en/blog/costs-and-financing/,0,12,0.00%,34.42
https://modunera.com/nl/blog/,0,12,0.00%,63.92
https://modunera.com/standorte/hessen/kuenzell/,0,11,0.00%,5.09
https://modunera.com/blog/tiny-house-vier-jahreszeiten/,0,11,0.00%,6.64
https://modunera.com/en/news/koege-tiny-varigheden-housing-laboratory/,0,11,0.00%,7.45
https://modunera.com/standorte/rheinland-pfalz/ilbesheim/,0,11,0.00%,10
https://modunera.com/standorte/berlin/biesdorf/,0,11,0.00%,29
https://modunera.com/blog/,0,11,0.00%,31.09
https://modunera.com/en/blog/technology-and-construction/,0,11,0.00%,35.82
https://modunera.com/en/locations/netherlands/friesland/camminghaburen/,0,11,0.00%,62.27
https://modunera.com/standorte/bayern/baunach/,0,10,0.00%,3.8
https://modunera.com/standorte/luxemburg/esch-sur-alzette/esch-sur-alzette/,0,10,0.00%,5.1
https://modunera.com/en/news/vejle-tommeliden-tiny-house-area/,0,10,0.00%,5.2
https://modunera.com/blog/tiny-house-brandschutz-leitfaden/,0,10,0.00%,6.1
https://modunera.com/standorte/bayern/coburg/,0,10,0.00%,6.7
https://modunera.com/fragen/schweiz/,0,10,0.00%,7.8
https://modunera.com/da/blog/energi-og-selvforsyning/,0,10,0.00%,10.2
https://modunera.com/blog/tiny-house-vs-wohnwagen-fehler-checkliste/,0,10,0.00%,15.1
https://modunera.com/en/blog/tiny-house-resale-value/,0,10,0.00%,16.9
https://modunera.com/en/services/modular-buildings/,0,10,0.00%,18.2
https://modunera.com/nl/blog/tiny-house-fundering/,0,10,0.00%,22.6
https://modunera.com/en/blog/tiny-house-insulation-materials/,0,9,0.00%,8
https://modunera.com/fr/blog/tiny-house-en-hiver/,0,9,0.00%,9.56
https://modunera.com/standorte/sachsen/grimma/,0,9,0.00%,13.11
https://modunera.com/tiny-house-fuer-airbnb/,0,9,0.00%,13.78
https://modunera.com/blog/tiny-house-kueche-leitfaden/,0,9,0.00%,16.22
https://modunera.com/da/blog/tiny-house-vinduer-og-glas/,0,9,0.00%,42
https://modunera.com/standorte/rheinland-pfalz/bad-duerkheim/,0,8,0.00%,4
https://modunera.com/fr/pays/danemark/,0,8,0.00%,4.25
https://modunera.com/en/locations/switzerland/zuerich/kloten-hostrass/,0,8,0.00%,4.88
https://modunera.com/blog/tiny-house-import-tuerkei-leitfaden/,0,8,0.00%,5.5
https://modunera.com/da/lande/tyskland/,0,8,0.00%,5.5
https://modunera.com/da/blog/transport-og-import/,0,8,0.00%,5.88
https://modunera.com/fr/blog/tiny-house-vmc-double-flux/,0,8,0.00%,6.75
https://modunera.com/standorte/niedersachsen/nienburg/,0,8,0.00%,7.5
https://modunera.com/standorte/sachsen/oederan/,0,8,0.00%,10
https://modunera.com/standorte/niedersachsen/hemmoor/,0,8,0.00%,10.12
https://modunera.com/fr/blog/tiny-house-mezzanine-ou-plain-pied/,0,8,0.00%,11.62
https://modunera.com/fr/blog/tiny-house-teletravail/,0,8,0.00%,12.25
https://modunera.com/da/blog/,0,8,0.00%,41.38
https://modunera.com/standorte/bayern/kleinschwabhausen/,0,8,0.00%,53
https://modunera.com/en/locations/netherlands/utrecht/everdingen/,0,7,0.00%,1
https://modunera.com/standorte/baden-wuerttemberg/langenbrettach/,0,7,0.00%,4.43
https://modunera.com/en/news/vinge-18-tiny-house-plots/,0,7,0.00%,5
https://modunera.com/en/locations/netherlands/zuid-holland/nootdorp/,0,7,0.00%,5.29
https://modunera.com/standorte/bayern/eckersdorf/,0,7,0.00%,5.29
https://modunera.com/standorte/baden-wuerttemberg/rheinau-083/,0,7,0.00%,6.29
https://modunera.com/standorte/bayern/goldbach/,0,7,0.00%,7
https://modunera.com/faq/,0,7,0.00%,7.29
https://modunera.com/fr/questions-par-pays/luxembourg/,0,7,0.00%,7.43
https://modunera.com/news/st-margrethen-baugesuch-tiny-house/,0,7,0.00%,8.14
https://modunera.com/da/blog/indretning-og-interioer/,0,7,0.00%,8.29
https://modunera.com/en/blog/tiny-house-loft-or-ground-floor-bedroom/,0,7,0.00%,8.43
https://modunera.com/standorte/bayern/grafing-bei-muenchen/,0,7,0.00%,8.57
https://modunera.com/blog/tiny-house-fenster-leitfaden/,0,7,0.00%,10.29
https://modunera.com/standorte/rheinland-pfalz/heimbach/,0,7,0.00%,12.71
https://modunera.com/standorte/baden-wuerttemberg/schoenau-im-schwarzwald/,0,7,0.00%,12.86
https://modunera.com/blog/tiny-house-solar-leitfaden/,0,7,0.00%,18
https://modunera.com/en/locations/netherlands/drenthe/assen/,0,7,0.00%,35.57
https://modunera.com/da/modeller/,0,7,0.00%,47.71
https://modunera.com/standorte/niederlande/zuid-holland/voorhout/,0,7,0.00%,52.86
https://modunera.com/en/countries/,0,6,0.00%,4.33
https://modunera.com/en/models/md-6/,0,6,0.00%,4.5
https://modunera.com/standorte/bayern/burgbernheim/,0,6,0.00%,5
https://modunera.com/en/models/md-4/,0,6,0.00%,5.33
https://modunera.com/modelle/md-8/,0,6,0.00%,5.67
https://modunera.com/nl/blog/tiny-house-verzekering/,0,6,0.00%,6.83
https://modunera.com/blog/tiny-house-reinigung-leitfaden/,0,6,0.00%,7.17
https://modunera.com/en/blog/tiny-house-insurance/,0,6,0.00%,7.17
https://modunera.com/standorte/bayern/bad-neustadt-an-der-saale/,0,6,0.00%,7.5
https://modunera.com/standorte/schweiz/zuerich/waedenswil-hangenmoos/,0,6,0.00%,8
https://modunera.com/nl/blog/tiny-house-ramen-en-beglazing/,0,6,0.00%,8.17
https://modunera.com/en/locations/netherlands/noord-brabant/sint-oedenrode/,0,6,0.00%,8.33
https://modunera.com/fr/blog/tiny-house-salle-de-bains/,0,6,0.00%,8.5
https://modunera.com/blog/tiny-house-stahlrahmen-fehler-checkliste/,0,6,0.00%,9.67
https://modunera.com/standorte/mecklenburg-vorpommern/moenchhagen/,0,6,0.00%,10
https://modunera.com/nl/nieuws/vlaardingen-hoofdstedenbuurt-compacte-woningen/,0,6,0.00%,10.33
https://modunera.com/standorte/baden-wuerttemberg/,0,6,0.00%,10.67
https://modunera.com/standorte/rheinland-pfalz/hauptstuhl/,0,6,0.00%,10.83
https://modunera.com/fr/pays/pays-bas/,0,6,0.00%,11
https://modunera.com/standorte/baden-wuerttemberg/schechingen/,0,6,0.00%,13.83
https://modunera.com/en/blog/tiny-house-summer-overheating/,0,6,0.00%,15.17
https://modunera.com/da/blog/tiny-house-gennem-vinteren/,0,6,0.00%,17.83
https://modunera.com/en/services/,0,6,0.00%,18.17
https://modunera.com/da/blog/tiny-house-facadebeklaedning/,0,6,0.00%,26.67
https://modunera.com/en/blog/tiny-house-for-families/,0,6,0.00%,34.83
https://modunera.com/blog/tiny-house-homeoffice-fehler-checkliste/,0,6,0.00%,38.83
https://modunera.com/en/blog/comparison-and-alternatives/,0,6,0.00%,45.17
https://modunera.com/blog/tiny-house-preise-leitfaden/,0,6,0.00%,94
https://modunera.com/standorte/bayern/kirchseeon/,0,5,0.00%,1.8
https://modunera.com/standorte/schweiz/zuerich/erlenbach-rechts-des-dorfbachs-oberhalb-bahnlinie/,0,5,0.00%,2.6
https://modunera.com/standorte/hessen/battenberg/,0,5,0.00%,3.4
https://modunera.com/standorte/schweiz/zuerich/langnau-langnau-dorf/,0,5,0.00%,3.4
https://modunera.com/en/locations/netherlands/limburg/voerendaal/,0,5,0.00%,4
https://modunera.com/nl/blog/tiny-house-slapen-loft-of-begane-grond/,0,5,0.00%,4
https://modunera.com/fr/blog/tiny-house-valeur-de-revente/,0,5,0.00%,4.2
https://modunera.com/standorte/niedersachsen/salzbergen/,0,5,0.00%,4.4
https://modunera.com/standorte/bayern/dietfurt/,0,5,0.00%,5
https://modunera.com/standorte/sachsen-anhalt/kloetze/,0,5,0.00%,5
https://modunera.com/standorte/rheinland-pfalz/esthal/,0,5,0.00%,5.2
https://modunera.com/standorte/rheinland-pfalz/wachenheim/,0,5,0.00%,5.4
https://modunera.com/standorte/berlin/friedrichshain/,0,5,0.00%,6.4
https://modunera.com/standorte/sachsen-anhalt/gerbstedt/,0,5,0.00%,6.4
https://modunera.com/da/lande/schweiz/,0,5,0.00%,6.6
https://modunera.com/standorte/baden-wuerttemberg/kirchardt/,0,5,0.00%,6.6
https://modunera.com/standorte/schweiz/zuerich/zuerich-kreis-10/,0,5,0.00%,6.8
https://modunera.com/blog/praxis/container-oder-seecontainer-der-unterschied/,0,5,0.00%,7
https://modunera.com/standorte/schweiz/zuerich/binz/,0,5,0.00%,7.2
https://modunera.com/nl/nieuws/meppel-nieuwveense-landen-eerste-tiny-houses/,0,5,0.00%,7.6
https://modunera.com/standorte/niederlande/friesland/balk/,0,5,0.00%,7.6
https://modunera.com/da/blog/tiny-house-til-familier/,0,5,0.00%,8.2
https://modunera.com/standorte/hessen/oberursel/,0,5,0.00%,8.8
https://modunera.com/en/blog/tiny-house-water-and-wastewater/,0,5,0.00%,9
https://modunera.com/en/locations/switzerland/solothurn/balsthal/,0,5,0.00%,9.6
https://modunera.com/da/blog/tiny-house-koekken/,0,5,0.00%,10
https://modunera.com/blog/tiny-house-strom-fehler-checkliste/,0,5,0.00%,10.4
https://modunera.com/da/ydelser/containerbyggeri/,0,5,0.00%,11.2
https://modunera.com/standorte/bayern/berg-094/,0,5,0.00%,25
https://modunera.com/en/models/md-2/,0,5,0.00%,25.2
https://modunera.com/standorte/nordrhein-westfalen/ennigerloh/,0,5,0.00%,26
https://modunera.com/standorte/,0,5,0.00%,26.8
https://modunera.com/standorte/bayern/,0,5,0.00%,32.4
https://modunera.com/en/models/md-5/,0,5,0.00%,35.2
https://modunera.com/standorte/bayern/himmelkron/,0,5,0.00%,51.8
https://modunera.com/fr/blog/,0,5,0.00%,52.8
https://modunera.com/standorte/niederlande/noord-brabant/nuenen/,0,4,0.00%,2.75
https://modunera.com/standorte/bayern/uffenheim/,0,4,0.00%,3
https://modunera.com/standorte/mecklenburg-vorpommern/altefaehr/,0,4,0.00%,4.25
https://modunera.com/standorte/schweiz/zuerich/uster-gschwader/,0,4,0.00%,4.25
https://modunera.com/standorte/bayern/grafenau/,0,4,0.00%,4.5
https://modunera.com/standorte/rheinland-pfalz/sinzig/,0,4,0.00%,4.5
https://modunera.com/fr/pays/allemagne/,0,4,0.00%,4.75
https://modunera.com/standorte/bayern/westendorf-097/,0,4,0.00%,4.75
https://modunera.com/en/locations/netherlands/noord-brabant/raamsdonksveer/,0,4,0.00%,5.5
https://modunera.com/standorte/hessen/obertshausen/,0,4,0.00%,5.5
https://modunera.com/en/blog/use-and-business-model/,0,4,0.00%,5.75
https://modunera.com/standorte/baden-wuerttemberg/muellheim-feldberg/,0,4,0.00%,5.75
https://modunera.com/standorte/bayern/krumbach/,0,4,0.00%,5.75
https://modunera.com/standorte/bayern/schwarzenbach-an-der-saale/,0,4,0.00%,5.75
https://modunera.com/standorte/sachsen/gersdorf-e48b5/,0,4,0.00%,6
https://modunera.com/en/news/menden-sauerlandstrasse-tiny-house-settlement/,0,4,0.00%,6.25
https://modunera.com/fr/blog/tiny-house-materiaux-interieurs/,0,4,0.00%,7
https://modunera.com/standorte/baden-wuerttemberg/bad-duerrheim/,0,4,0.00%,7
https://modunera.com/standorte/schweiz/zuerich/duebendorf-vogelquartier/,0,4,0.00%,7
https://modunera.com/standorte/hessen/felsberg/,0,4,0.00%,7.25
https://modunera.com/standorte/niederlande/noord-brabant/steenbergen/,0,4,0.00%,7.25
https://modunera.com/en/models/md-3/,0,4,0.00%,7.5
https://modunera.com/standorte/baden-wuerttemberg/muehlhausen-081/,0,4,0.00%,8.5
https://modunera.com/standorte/hamburg/neuenfelde/,0,4,0.00%,8.5
https://modunera.com/news/lueptitz-lossatal-tiny-house-siedlung/,0,4,0.00%,8.75
https://modunera.com/da/blog/tiny-house-opbevaringsloesninger/,0,4,0.00%,9
https://modunera.com/standorte/bayern/reichenbach/,0,4,0.00%,9
https://modunera.com/da/blog/tiny-house-overophedning-om-sommeren/,0,4,0.00%,9.5
https://modunera.com/en/blog/tiny-house-windows-and-glazing/,0,4,0.00%,9.5
https://modunera.com/standorte/niederlande/noord-holland/hoogwoud/,0,4,0.00%,9.5
https://modunera.com/standorte/sachsen/treuen/,0,4,0.00%,9.5
https://modunera.com/standorte/berlin/charlottenburg-nord/,0,4,0.00%,10
https://modunera.com/en/locations/netherlands/friesland/appelscha/,0,4,0.00%,10.5
https://modunera.com/blog/tiny-house-lueftung-fehler-checkliste/,0,4,0.00%,12.5
https://modunera.com/leistungen/moebel-nach-mass/,0,4,0.00%,13.75
https://modunera.com/standorte/schweiz/zuerich/zuerich-kreis-12/,0,4,0.00%,14.25
https://modunera.com/standorte/bayern/wald-093/,0,4,0.00%,22.25
https://modunera.com/standorte/niedersachsen/sehlde/,0,4,0.00%,23.25
https://modunera.com/standorte/sachsen-anhalt/zahna/,0,4,0.00%,26
https://modunera.com/blog/tiny-house-airbnb-fehler-checkliste/,0,4,0.00%,26.25
https://modunera.com/standorte/schweiz/zuerich/seuzach-dorf-breite-weid/,0,4,0.00%,27
https://modunera.com/standorte/schweiz/zuerich/zuerich-kreis-11-affoltern/,0,4,0.00%,28.5
https://modunera.com/en/locations/switzerland/neuchatel/,0,4,0.00%,31.5
https://modunera.com/blog/tiny-house-transport-leitfaden/,0,4,0.00%,33.5
https://modunera.com/standorte/brandenburg/beelitz/,0,4,0.00%,36.75
https://modunera.com/standorte/bayern/bayerbach-092/,0,4,0.00%,37.75
https://modunera.com/sv/,0,4,0.00%,42.75
https://modunera.com/fr/services/containers/,0,4,0.00%,82
https://modunera.com/en/locations/netherlands/friesland/opeinde/,0,3,0.00%,1.33
https://modunera.com/standorte/schweiz/zuerich/horgen-allmend/,0,3,0.00%,1.67
https://modunera.com/en/locations/netherlands/noord-brabant/heesch/,0,3,0.00%,2
https://modunera.com/en/news/,0,3,0.00%,2
https://modunera.com/fr/,0,3,0.00%,2
https://modunera.com/standorte/berlin/oberschoeneweide/,0,3,0.00%,2
https://modunera.com/standorte/bayern/pyrbaum/,0,3,0.00%,2.67
https://modunera.com/standorte/niedersachsen/rhede/,0,3,0.00%,2.67
https://modunera.com/en/news/lueptitz-lossatal-tiny-house-settlement/,0,3,0.00%,3.33
https://modunera.com/standorte/hessen/moerfelden-walldorf/,0,3,0.00%,3.33
https://modunera.com/standorte/nordrhein-westfalen/gevelsberg/,0,3,0.00%,3.33
https://modunera.com/standorte/niedersachsen/bovenden/,0,3,0.00%,3.67
https://modunera.com/da/blog/tiny-house-hjemmearbejde/,0,3,0.00%,4
https://modunera.com/standorte/baden-wuerttemberg/iffezheim/,0,3,0.00%,4
https://modunera.com/standorte/nordrhein-westfalen/verl/,0,3,0.00%,4
https://modunera.com/standorte/sachsen-anhalt/beetzendorf/,0,3,0.00%,4
https://modunera.com/blog/europa/tiny-house-transport-tuerkei-europa/,0,3,0.00%,4.33
https://modunera.com/blog/tiny-house-winterfest-fehler-checkliste/,0,3,0.00%,4.33
https://modunera.com/standorte/niederlande/friesland/noordwolde/,0,3,0.00%,4.33
https://modunera.com/fr/blog/tiny-house-pour-familles/,0,3,0.00%,4.67
https://modunera.com/en/locations/netherlands/limburg/grubbenvorst/,0,3,0.00%,5
https://modunera.com/standorte/hessen/lollar/,0,3,0.00%,5
https://modunera.com/en/locations/netherlands/limburg/melderslo/,0,3,0.00%,5.33
https://modunera.com/en/locations/netherlands/noord-holland/weesp/,0,3,0.00%,5.33
https://modunera.com/en/locations/switzerland/thurgau/buerglen/,0,3,0.00%,5.33
https://modunera.com/standorte/nordrhein-westfalen/eschweiler/,0,3,0.00%,5.33
https://modunera.com/en/locations/netherlands/noord-holland/halfweg-2/,0,3,0.00%,5.67
https://modunera.com/fr/blog/tiny-house-avec-animaux/,0,3,0.00%,5.67
https://modunera.com/laender/schweiz/,0,3,0.00%,5.67
https://modunera.com/nl/blog/gebruik-en-verdienmodel/,0,3,0.00%,5.67
https://modunera.com/standorte/bayern/gars/,0,3,0.00%,5.67
https://modunera.com/en/locations/netherlands/gelderland/didam/,0,3,0.00%,6
https://modunera.com/fr/blog/exploitation-et-entretien/,0,3,0.00%,6
https://modunera.com/standorte/baden-wuerttemberg/schwaikheim/,0,3,0.00%,6
https://modunera.com/en/news/niederanven-3d-printed-tiny-house/,0,3,0.00%,6.33
https://modunera.com/en/questions/switzerland/,0,3,0.00%,6.33
https://modunera.com/standorte/niederlande/limburg/kerkrade/,0,3,0.00%,6.33
https://modunera.com/standorte/bayern/reichenberg/,0,3,0.00%,6.67
https://modunera.com/en/locations/netherlands/gelderland/putten/,0,3,0.00%,7
https://modunera.com/standorte/bayern/finningen/,0,3,0.00%,7
https://modunera.com/standorte/berlin/mitte/,0,3,0.00%,7
https://modunera.com/en/locations/netherlands/gelderland/heerde/,0,3,0.00%,7.33
https://modunera.com/en/locations/netherlands/overijssel/borne/,0,3,0.00%,7.33
https://modunera.com/nl/blog/tiny-house-dak/,0,3,0.00%,7.33
https://modunera.com/standorte/bayern/seefeld/,0,3,0.00%,7.33
https://modunera.com/en/blog/tiny-house-kitchen/,0,3,0.00%,7.67
https://modunera.com/en/locations/netherlands/overijssel/hengelo/,0,3,0.00%,7.67
https://modunera.com/standorte/rheinland-pfalz/hochstadt/,0,3,0.00%,8
https://modunera.com/standorte/niederlande/noord-holland/hoorn/,0,3,0.00%,8.33
https://modunera.com/standorte/sachsen-anhalt/zoeschen/,0,3,0.00%,8.33
https://modunera.com/standorte/niederlande/utrecht/de-meern/,0,3,0.00%,9.33
https://modunera.com/en/locations/netherlands/friesland/ijlst/,0,3,0.00%,9.67
https://modunera.com/en/locations/netherlands/limburg/panningen/,0,3,0.00%,10
https://modunera.com/ratgeber/nutzung-und-geschaeftsmodell/,0,3,0.00%,10.33
https://modunera.com/standorte/baden-wuerttemberg/kirchheim-am-ries/,0,3,0.00%,10.33
https://modunera.com/en/locations/netherlands/limburg/blitterswijck/,0,3,0.00%,10.67
https://modunera.com/standorte/schweiz/zuerich/zuerich-kreis-12-auzelg/,0,3,0.00%,10.67
https://modunera.com/en/locations/netherlands/gelderland/terschuur/,0,3,0.00%,11.33
https://modunera.com/en/locations/switzerland/vaud/leysin/,0,3,0.00%,11.33
https://modunera.com/en/locations/netherlands/gelderland/barneveld/,0,3,0.00%,13
https://modunera.com/standorte/hamburg/st-pauli/,0,3,0.00%,13
https://modunera.com/en/locations/netherlands/drenthe/hollandscheveld/,0,3,0.00%,13.33
https://modunera.com/en/locations/netherlands/zuid-holland/zwijndrecht/,0,3,0.00%,13.33
https://modunera.com/nl/blog/tiny-house-thuiswerken/,0,3,0.00%,13.33
https://modunera.com/standorte/niederlande/noord-brabant/boxtel/,0,3,0.00%,15.33
https://modunera.com/standorte/schleswig-holstein/schellhorn/,0,3,0.00%,16.67
https://modunera.com/en/locations/switzerland/neuchatel/boudry/,0,3,0.00%,18
https://modunera.com/en/blog/tiny-house-bathroom/,0,3,0.00%,22.67
https://modunera.com/standorte/nordrhein-westfalen/gescher/,0,3,0.00%,28.67
https://modunera.com/blog/praxis/stauraum-und-gewicht/,0,3,0.00%,30
https://modunera.com/da/lande/luxembourg/,0,3,0.00%,31
https://modunera.com/en/locations/netherlands/drenthe/nieuw-roden/,0,3,0.00%,32
https://modunera.com/en/locations/netherlands/flevoland/almere-stad/,0,3,0.00%,32.33
https://modunera.com/en/locations/netherlands/friesland/akkrum/,0,3,0.00%,33.33
https://modunera.com/standorte/bayern/neuhof-an-der-zenn/,0,3,0.00%,52.33
https://modunera.com/standorte/niederlande/utrecht/utrecht/,0,3,0.00%,53.33
https://modunera.com/leistungen/containerbau/,0,3,0.00%,54.33
https://modunera.com/en/locations/netherlands/groningen/wagenborgen/,0,3,0.00%,59.33
https://modunera.com/blog/tiny-house-rendite-fehler-checkliste/,0,3,0.00%,61
https://modunera.com/en/locations/switzerland/geneve/onex/,0,3,0.00%,61
https://modunera.com/en/blog/layout-and-interior/,0,3,0.00%,66
https://modunera.com/standorte/sachsen/schoenfeld/,0,3,0.00%,75.33
https://modunera.com/nl/blog/tiny-house-bergruimte-oplossingen/,0,2,0.00%,1
https://modunera.com/standorte/schleswig-holstein/ascheberg/,0,2,0.00%,1
https://modunera.com/en/locations/netherlands/groningen/niekerk/,0,2,0.00%,1.5
https://modunera.com/standorte/bayern/pliening/,0,2,0.00%,1.5
https://modunera.com/standorte/mecklenburg-vorpommern/roevershagen/,0,2,0.00%,1.5
https://modunera.com/standorte/sachsen-anhalt/polleben/,0,2,0.00%,1.5
https://modunera.com/en/locations/netherlands/gelderland/corlaer/,0,2,0.00%,2
https://modunera.com/en/locations/netherlands/noord-brabant/made/,0,2,0.00%,2
https://modunera.com/en/locations/switzerland/schwyz/wollerau/,0,2,0.00%,2
https://modunera.com/nl/blog/tiny-house-samenwonen-met-zijn-tweeen/,0,2,0.00%,2
https://modunera.com/standorte/bayern/mallersdorf-pfaffenberg/,0,2,0.00%,2
https://modunera.com/standorte/bayern/neukirchen-beim-heiligen-blut/,0,2,0.00%,2
https://modunera.com/standorte/schweiz/zuerich/dietikon/,0,2,0.00%,2
https://modunera.com/standorte/schweiz/zuerich/waedenswil-eichweid/,0,2,0.00%,2
https://modunera.com/en/locations/netherlands/friesland/drachten/,0,2,0.00%,2.5
https://modunera.com/en/locations/netherlands/friesland/joure/,0,2,0.00%,2.5
https://modunera.com/modelle/md-1/,0,2,0.00%,2.5
https://modunera.com/standorte/bayern/grassau/,0,2,0.00%,2.5
https://modunera.com/standorte/daenemark/syddanmark/glamsbjerg/,0,2,0.00%,2.5
https://modunera.com/standorte/schweiz/zuerich/schlieren-freiestrasse/,0,2,0.00%,2.5
https://modunera.com/blog/europa/vermietung-auslastung-europa/,0,2,0.00%,3
https://modunera.com/en/locations/netherlands/limburg/spaubeek/,0,2,0.00%,3
https://modunera.com/en/locations/netherlands/noord-brabant/s-gravenmoer/,0,2,0.00%,3
https://modunera.com/en/locations/switzerland/solothurn/matzendorf/,0,2,0.00%,3
https://modunera.com/nl/blog/tiny-house-verlichting/,0,2,0.00%,3
https://modunera.com/standorte/bayern/dasing/,0,2,0.00%,3
https://modunera.com/standorte/rheinland-pfalz/trittenheim/,0,2,0.00%,3
https://modunera.com/en/locations/switzerland/bern/muenchenbuchsee/,0,2,0.00%,3.5
https://modunera.com/standorte/bayern/grainet/,0,2,0.00%,3.5
https://modunera.com/standorte/bayern/nussdorf/,0,2,0.00%,3.5
https://modunera.com/standorte/hamburg/fuhlsbuettel/,0,2,0.00%,3.5
https://modunera.com/standorte/niederlande/zeeland/brouwershaven/,0,2,0.00%,3.5
https://modunera.com/standorte/rheinland-pfalz/hillesheim/,0,2,0.00%,3.5
https://modunera.com/da/blog/teknik-og-konstruktion/,0,2,0.00%,4
https://modunera.com/en/locations/netherlands/flevoland/tollebeek/,0,2,0.00%,4
https://modunera.com/en/locations/netherlands/gelderland/angerlo/,0,2,0.00%,4
https://modunera.com/en/locations/netherlands/noord-brabant/aalst/,0,2,0.00%,4
https://modunera.com/en/locations/netherlands/overijssel/heino/,0,2,0.00%,4
https://modunera.com/en/locations/netherlands/overijssel/vollenhove/,0,2,0.00%,4
https://modunera.com/standorte/baden-wuerttemberg/hartheim/,0,2,0.00%,4
https://modunera.com/standorte/niederlande/limburg/schilberg/,0,2,0.00%,4
https://modunera.com/standorte/schweiz/zuerich/uster-nossikon/,0,2,0.00%,4
https://modunera.com/da/blog/tiny-house-belysning/,0,2,0.00%,4.5
https://modunera.com/en/locations/netherlands/flevoland/lelystad/,0,2,0.00%,4.5
https://modunera.com/en/locations/netherlands/flevoland/zeewolde/,0,2,0.00%,4.5
https://modunera.com/en/locations/netherlands/noord-brabant/huijbergen/,0,2,0.00%,4.5
https://modunera.com/en/locations/netherlands/noord-brabant/oosterhout/,0,2,0.00%,4.5
https://modunera.com/en/locations/switzerland/thurgau/taegerwilen/,0,2,0.00%,4.5
https://modunera.com/en/news/st-margrethen-tiny-house-building-application/,0,2,0.00%,4.5
https://modunera.com/standorte/baden-wuerttemberg/schoemberg-082/,0,2,0.00%,4.5
https://modunera.com/standorte/bayern/ottobeuren/,0,2,0.00%,4.5
https://modunera.com/standorte/bayern/wildflecken/,0,2,0.00%,4.5
https://modunera.com/standorte/mecklenburg-vorpommern/bartenshagen-parkentin/,0,2,0.00%,4.5
https://modunera.com/en/locations/netherlands/friesland/oosterwolde/,0,2,0.00%,5
https://modunera.com/en/locations/netherlands/gelderland/bruchem/,0,2,0.00%,5
https://modunera.com/en/locations/netherlands/gelderland/duiven/,0,2,0.00%,5
https://modunera.com/en/locations/netherlands/gelderland/veldhuizen/,0,2,0.00%,5
https://modunera.com/en/locations/netherlands/limburg/maastricht/,0,2,0.00%,5
https://modunera.com/en/locations/netherlands/overijssel/dalfsen/,0,2,0.00%,5
https://modunera.com/en/locations/netherlands/zuid-holland/berkenwoude/,0,2,0.00%,5
https://modunera.com/en/news/vlaardingen-hoofdstedenbuurt-compact-housing/,0,2,0.00%,5
https://modunera.com/standorte/schleswig-holstein/kayhude/,0,2,0.00%,5
https://modunera.com/standorte/schweiz/zuerich/schlieren-kamp/,0,2,0.00%,5
https://modunera.com/en/locations/denmark/midtjylland/hatting/,0,2,0.00%,5.5
https://modunera.com/en/locations/switzerland/solothurn/derendingen/,0,2,0.00%,5.5
https://modunera.com/en/locations/switzerland/zuerich/horgen-horgen-dorfkern/,0,2,0.00%,5.5
https://modunera.com/en/questions/,0,2,0.00%,5.5
https://modunera.com/nl/blog/tiny-house-keuken/,0,2,0.00%,5.5
https://modunera.com/standorte/baden-wuerttemberg/fichtenberg/,0,2,0.00%,5.5
https://modunera.com/standorte/baden-wuerttemberg/munderkingen/,0,2,0.00%,5.5
https://modunera.com/standorte/mecklenburg-vorpommern/sagard/,0,2,0.00%,5.5
https://modunera.com/standorte/schweiz/zuerich/kuesnacht/,0,2,0.00%,5.5
https://modunera.com/en/locations/luxembourg/redange/redange-sur-attert/,0,2,0.00%,6
https://modunera.com/en/locations/netherlands/drenthe/havelte/,0,2,0.00%,6
https://modunera.com/en/locations/netherlands/gelderland/arnhem/,0,2,0.00%,6
https://modunera.com/en/locations/netherlands/groningen/wildervank/,0,2,0.00%,6
https://modunera.com/en/locations/netherlands/noord-brabant/oud-gastel/,0,2,0.00%,6
https://modunera.com/en/locations/netherlands/noord-holland/wormer/,0,2,0.00%,6
https://modunera.com/standorte/bayern/bellenberg/,0,2,0.00%,6
https://modunera.com/standorte/bayern/plattling/,0,2,0.00%,6
https://modunera.com/standorte/daenemark/hovedstaden/gilleleje/,0,2,0.00%,6
https://modunera.com/blog/praxis/fenster-und-tueren-nachstellen/,0,2,0.00%,6.5
https://modunera.com/en/locations/denmark/sj-lland/solr-d/,0,2,0.00%,6.5
https://modunera.com/en/locations/netherlands/overijssel/grafhorst/,0,2,0.00%,6.5
https://modunera.com/fr/actualites/niederanven-tiny-house-impression-3d/,0,2,0.00%,6.5
https://modunera.com/nl/blog/tiny-house-checklist-voor-de-bestelling/,0,2,0.00%,6.5
https://modunera.com/standorte/bayern/essenbach/,0,2,0.00%,6.5
https://modunera.com/standorte/hessen/griesheim/,0,2,0.00%,6.5
https://modunera.com/standorte/niederlande/zeeland/middelburg/,0,2,0.00%,6.5
https://modunera.com/standorte/schweiz/zuerich/schlieren/,0,2,0.00%,6.5
https://modunera.com/standorte/schweiz/zuerich/thalwil-dorfkern/,0,2,0.00%,6.5
https://modunera.com/standorte/schweiz/zuerich/zuerich-kreis-11-oerlikon/,0,2,0.00%,6.5
https://modunera.com/blog/tiny-house-akustik-leitfaden/,0,2,0.00%,7
https://modunera.com/da/spoergsmaal-per-land/schweiz/,0,2,0.00%,7
https://modunera.com/en/locations/netherlands/groningen/grijpskerk/,0,2,0.00%,7
https://modunera.com/en/locations/netherlands/limburg/heerlen/,0,2,0.00%,7
https://modunera.com/standorte/bayern/penzing/,0,2,0.00%,7
https://modunera.com/standorte/rheinland-pfalz/muenstermaifeld/,0,2,0.00%,7
https://modunera.com/standorte/sachsen/niesky/,0,2,0.00%,7
https://modunera.com/en/blog/tiny-house-living-as-a-couple/,0,2,0.00%,7.5
https://modunera.com/en/locations/netherlands/friesland/twijzel/,0,2,0.00%,7.5
https://modunera.com/en/locations/netherlands/gelderland/ederveen/,0,2,0.00%,7.5
https://modunera.com/en/locations/netherlands/gelderland/elburg/,0,2,0.00%,7.5
https://modunera.com/en/locations/netherlands/noord-holland/aalsmeer/,0,2,0.00%,7.5
https://modunera.com/nl/blog/tiny-house-interieurmaterialen/,0,2,0.00%,7.5
https://modunera.com/standorte/sachsen/oberseifersdorf/,0,2,0.00%,7.5
https://modunera.com/standorte/schweiz/aargau/gontenschwil/,0,2,0.00%,7.5
https://modunera.com/da/blog/tiny-house-tag/,0,2,0.00%,8
https://modunera.com/en/locations/denmark/sj-lland/nyk-bing-falster/,0,2,0.00%,8
https://modunera.com/en/locations/netherlands/utrecht/driebergen-rijsenburg/,0,2,0.00%,8
https://modunera.com/standorte/bayern/grafenrheinfeld/,0,2,0.00%,8
https://modunera.com/standorte/brandenburg/hohen-neuendorf/,0,2,0.00%,8
https://modunera.com/standorte/niedersachsen/balje/,0,2,0.00%,8
https://modunera.com/standorte/sachsen-anhalt/dobien/,0,2,0.00%,8
https://modunera.com/nl/blog/tiny-house-isolatiematerialen/,0,2,0.00%,8.5
https://modunera.com/standorte/bayern/treuchtlingen/,0,2,0.00%,8.5
https://modunera.com/en/locations/denmark/nordjylland/klitm-ller/,0,2,0.00%,9
https://modunera.com/en/locations/denmark/sj-lland/n-rre-alslev/,0,2,0.00%,9
https://modunera.com/en/locations/netherlands/noord-holland/heiloo/,0,2,0.00%,9
https://modunera.com/en/locations/netherlands/noord-holland/hoorn/,0,2,0.00%,9
https://modunera.com/standorte/bayern/buch-am-buchrain/,0,2,0.00%,9
https://modunera.com/en/blog/tiny-house-interior-materials/,0,2,0.00%,9.5
https://modunera.com/en/locations/netherlands/limburg/elsloo/,0,2,0.00%,9.5
https://modunera.com/standorte/schweiz/zuerich/kloten-freienberg-chanzler-chlini-chaseren/,0,2,0.00%,9.5
https://modunera.com/en/locations/netherlands/noord-holland/amstelveen/,0,2,0.00%,10
https://modunera.com/standorte/mecklenburg-vorpommern/ziesendorf/,0,2,0.00%,10
https://modunera.com/standorte/rheinland-pfalz/schwedelbach/,0,2,0.00%,10
https://modunera.com/blog/tiny-house-stauraum-leitfaden/,0,2,0.00%,10.5
https://modunera.com/fr/blog/tiny-house-checklist-avant-commande/,0,2,0.00%,10.5
https://modunera.com/standorte/berlin/,0,2,0.00%,10.5
https://modunera.com/standorte/schweiz/zuerich/greifensee-muellerwis-seilerwis/,0,2,0.00%,10.5
https://modunera.com/da/blog/tiny-house-med-kaeledyr/,0,2,0.00%,11
https://modunera.com/da/blog/tiny-house-terrasse-og-udeareal/,0,2,0.00%,11
https://modunera.com/en/locations/switzerland/schwyz/kuessnacht/,0,2,0.00%,11
https://modunera.com/fr/blog/tiny-house-chauffage-compare/,0,2,0.00%,11
https://modunera.com/en/locations/netherlands/gelderland/meteren/,0,2,0.00%,12
https://modunera.com/standorte/hessen/frankenau/,0,2,0.00%,12.5
https://modunera.com/standorte/schweiz/st-gallen/waldkirch/,0,2,0.00%,12.5
https://modunera.com/standorte/schweiz/zuerich/zuerich-kreis-7-fluntern/,0,2,0.00%,14
https://modunera.com/standorte/berlin/nikolassee/,0,2,0.00%,14.5
https://modunera.com/standorte/niederlande/limburg/lichtenberg/,0,2,0.00%,15.5
https://modunera.com/en/locations/netherlands/noord-holland/hilversum/,0,2,0.00%,16
https://modunera.com/standorte/thueringen/guenthersleben-wechmar/,0,2,0.00%,19.5
https://modunera.com/fr/blog/tiny-house-bardage/,0,2,0.00%,20
https://modunera.com/standorte/berlin/karlshorst/,0,2,0.00%,20
https://modunera.com/standorte/niedersachsen/luenne/,0,2,0.00%,22
https://modunera.com/standorte/hessen/breitenborn/,0,2,0.00%,23.5
https://modunera.com/standorte/schweiz/bern/toffen/,0,2,0.00%,24
https://modunera.com/standorte/niedersachsen/krebeck/,0,2,0.00%,28
https://modunera.com/en/locations/netherlands/noord-brabant/veen/,0,2,0.00%,29
https://modunera.com/standorte/brandenburg/rietz-neuendorf/,0,2,0.00%,29
https://modunera.com/en/locations/switzerland/zuerich/zuerich-kreis-3-alt-wiedikon/,0,2,0.00%,34.5
https://modunera.com/standorte/schleswig-holstein/brokdorf/,0,2,0.00%,35.5
https://modunera.com/standorte/niederlande/gelderland/apeldoorn/,0,2,0.00%,38
https://modunera.com/en/locations/switzerland/geneve/corsier/,0,2,0.00%,38.5
https://modunera.com/fr/blog/tiny-house-materiaux-isolants/,0,2,0.00%,40
https://modunera.com/fr/blog/energie-et-autonomie/,0,2,0.00%,42.5
https://modunera.com/standorte/niederlande/zeeland/nieuw-en-sint-joosland/,0,2,0.00%,42.5
https://modunera.com/standorte/nordrhein-westfalen/dormagen/,0,2,0.00%,42.5
https://modunera.com/standorte/schweiz/zuerich/wuelflingen-kreis-6/,0,2,0.00%,42.5
https://modunera.com/standorte/baden-wuerttemberg/epfenbach/,0,2,0.00%,47
https://modunera.com/blog/tiny-house-rendite-leitfaden/,0,2,0.00%,51.5
https://modunera.com/en/blog/tiny-house-with-pets/,0,2,0.00%,61
https://modunera.com/standorte/niederlande/noord-brabant/roosendaal/,0,2,0.00%,68.5
https://modunera.com/blog/praxis/,0,2,0.00%,81
https://modunera.com/standorte/schweiz/zuerich/wuelflingen-kreis-6-niederfeld/,0,2,0.00%,82.5
https://modunera.com/da/ydelser/,0,1,0.00%,1
https://modunera.com/en/locations/luxembourg/grevenmacher/wasserbillig/,0,1,0.00%,1
https://modunera.com/en/locations/netherlands/limburg/grevenbicht/,0,1,0.00%,1
https://modunera.com/en/locations/netherlands/noord-brabant/sint-willebrord/,0,1,0.00%,1
https://modunera.com/en/locations/netherlands/noord-brabant/wagenberg/,0,1,0.00%,1
https://modunera.com/en/locations/netherlands/noord-holland/hippolytushoef/,0,1,0.00%,1
https://modunera.com/en/locations/netherlands/noord-holland/kudelstaart/,0,1,0.00%,1
https://modunera.com/en/locations/netherlands/overijssel/nijrees/,0,1,0.00%,1
https://modunera.com/fr/pays/,0,1,0.00%,1
https://modunera.com/fr/questions-par-pays/pays-bas/,0,1,0.00%,1
https://modunera.com/modelle/md-7/,0,1,0.00%,1
https://modunera.com/nl/blog/tiny-house-badkamer/,0,1,0.00%,1
https://modunera.com/standorte/baden-wuerttemberg/hassmersheim/,0,1,0.00%,1
https://modunera.com/standorte/bayern/biessenhofen/,0,1,0.00%,1
https://modunera.com/standorte/bayern/hattenhofen/,0,1,0.00%,1
https://modunera.com/standorte/bayern/rueckersdorf/,0,1,0.00%,1
https://modunera.com/standorte/bayern/strasslach-dingharting/,0,1,0.00%,1
https://modunera.com/standorte/berlin/britz/,0,1,0.00%,1
https://modunera.com/standorte/luxemburg/esch-sur-alzette/roeser/,0,1,0.00%,1
https://modunera.com/standorte/sachsen-anhalt/calbe/,0,1,0.00%,1
https://modunera.com/standorte/schweiz/zuerich/zuerich-kreis-10-hoengg/,0,1,0.00%,1
https://modunera.com/blog/praxis/warmwasser-drei-wege/,0,1,0.00%,2
https://modunera.com/blog/tiny-house-preise-fehler-checkliste/,0,1,0.00%,2
https://modunera.com/en/locations/denmark/sj-lland/fuglebjerg/,0,1,0.00%,2
https://modunera.com/en/locations/denmark/sj-lland/solr-d-strand/,0,1,0.00%,2
https://modunera.com/en/locations/netherlands/friesland/workum/,0,1,0.00%,2
https://modunera.com/en/locations/netherlands/gelderland/beek-gem-montferland/,0,1,0.00%,2
https://modunera.com/en/locations/netherlands/gelderland/lichtenvoorde/,0,1,0.00%,2
https://modunera.com/en/locations/netherlands/groningen/aduard/,0,1,0.00%,2
https://modunera.com/en/locations/netherlands/limburg/heksenberg/,0,1,0.00%,2
https://modunera.com/en/locations/netherlands/limburg/heythuysen/,0,1,0.00%,2
https://modunera.com/en/locations/netherlands/limburg/schimmert/,0,1,0.00%,2
https://modunera.com/en/locations/netherlands/limburg/well/,0,1,0.00%,2
https://modunera.com/en/locations/netherlands/noord-brabant/duizel/,0,1,0.00%,2
https://modunera.com/en/locations/netherlands/noord-brabant/geffen/,0,1,0.00%,2
https://modunera.com/en/locations/netherlands/noord-brabant/heeze/,0,1,0.00%,2
https://modunera.com/en/locations/netherlands/noord-brabant/maaspoort/,0,1,0.00%,2
https://modunera.com/en/locations/netherlands/noord-brabant/son-en-breugel/,0,1,0.00%,2
https://modunera.com/en/locations/netherlands/noord-holland/limmen/,0,1,0.00%,2
https://modunera.com/en/locations/netherlands/zuid-holland/hoogmade/,0,1,0.00%,2
https://modunera.com/en/locations/switzerland/aargau/mellingen/,0,1,0.00%,2
https://modunera.com/en/locations/switzerland/aargau/seengen/,0,1,0.00%,2
https://modunera.com/en/locations/switzerland/aargau/wuerenlos/,0,1,0.00%,2
https://modunera.com/en/locations/switzerland/bern/burgistein/,0,1,0.00%,2
https://modunera.com/en/locations/switzerland/zuerich/kuesnacht/,0,1,0.00%,2
https://modunera.com/en/locations/switzerland/zuerich/rueti-dorfzentrum-suedl-teil/,0,1,0.00%,2
https://modunera.com/en/locations/switzerland/zuerich/zuerich-kreis-7/,0,1,0.00%,2
https://modunera.com/fr/blog/autorisation-et-droit/,0,1,0.00%,2
https://modunera.com/fr/blog/tiny-house-eclairage/,0,1,0.00%,2
https://modunera.com/standorte/baden-wuerttemberg/rosenberg/,0,1,0.00%,2
https://modunera.com/standorte/bayern/bockhorn/,0,1,0.00%,2
https://modunera.com/standorte/bayern/flossenbuerg/,0,1,0.00%,2
https://modunera.com/standorte/bayern/koetzting/,0,1,0.00%,2
https://modunera.com/standorte/bayern/oberreute/,0,1,0.00%,2
https://modunera.com/standorte/bayern/pfronten/,0,1,0.00%,2
https://modunera.com/standorte/brandenburg/sonnewalde/,0,1,0.00%,2
https://modunera.com/standorte/niederlande/groningen/stadskanaal/,0,1,0.00%,2
https://modunera.com/standorte/niederlande/zuid-holland/rozenburg/,0,1,0.00%,2
https://modunera.com/standorte/rheinland-pfalz/bad-breisig/,0,1,0.00%,2
https://modunera.com/standorte/rheinland-pfalz/eppenbrunn/,0,1,0.00%,2
https://modunera.com/standorte/sachsen-anhalt/osterwieck/,0,1,0.00%,2
https://modunera.com/standorte/schweiz/zuerich/kuesnacht-dorf/,0,1,0.00%,2
https://modunera.com/en/locations/denmark/midtjylland/skjern/,0,1,0.00%,3
https://modunera.com/en/locations/luxembourg/mersch/boevange-sur-attert/,0,1,0.00%,3
https://modunera.com/en/locations/luxembourg/redange/saeul/,0,1,0.00%,3
https://modunera.com/en/locations/netherlands/friesland/sint-nicolaasga/,0,1,0.00%,3
https://modunera.com/en/locations/netherlands/gelderland/hunnerberg/,0,1,0.00%,3
https://modunera.com/en/locations/netherlands/gelderland/wapenveld/,0,1,0.00%,3
https://modunera.com/en/locations/netherlands/noord-brabant/odiliapeel/,0,1,0.00%,3
https://modunera.com/en/locations/netherlands/utrecht/leersum/,0,1,0.00%,3
https://modunera.com/en/locations/switzerland/bern/busswil-bei-melchnau/,0,1,0.00%,3
https://modunera.com/en/locations/switzerland/st-gallen/wittenbach/,0,1,0.00%,3
https://modunera.com/nl/blog/tiny-house-voor-gezinnen/,0,1,0.00%,3
https://modunera.com/produktion-faq/strom-wasser-abwasser/,0,1,0.00%,3
https://modunera.com/standorte/baden-wuerttemberg/hermaringen/,0,1,0.00%,3
https://modunera.com/standorte/baden-wuerttemberg/staig/,0,1,0.00%,3
https://modunera.com/standorte/bayern/rottenbuch/,0,1,0.00%,3
https://modunera.com/standorte/bayern/ruhstorf/,0,1,0.00%,3
https://modunera.com/standorte/bayern/winterhausen/,0,1,0.00%,3
https://modunera.com/standorte/berlin/luebars/,0,1,0.00%,3
https://modunera.com/standorte/niederlande/noord-holland/laren/,0,1,0.00%,3
https://modunera.com/standorte/rheinland-pfalz/plaidt/,0,1,0.00%,3
https://modunera.com/standorte/schweiz/zuerich/regensdorf-hofacher-geeren/,0,1,0.00%,3
https://modunera.com/en/locations/denmark/sj-lland/sundby/,0,1,0.00%,4
https://modunera.com/en/locations/netherlands/gelderland/hummelo/,0,1,0.00%,4
https://modunera.com/en/locations/netherlands/gelderland/nijmegen/,0,1,0.00%,4
https://modunera.com/en/locations/netherlands/gelderland/renkum/,0,1,0.00%,4
https://modunera.com/en/locations/netherlands/limburg/nieuw-bergen/,0,1,0.00%,4
https://modunera.com/en/locations/netherlands/noord-brabant/woensdrecht/,0,1,0.00%,4
https://modunera.com/en/locations/netherlands/noord-brabant/zijtaart/,0,1,0.00%,4
https://modunera.com/en/locations/switzerland/thurgau/altnau/,0,1,0.00%,4
https://modunera.com/en/locations/switzerland/zuerich/waedenswil-eichweid/,0,1,0.00%,4
https://modunera.com/en/production-faq/price-contract-payment/,0,1,0.00%,4
https://modunera.com/ratgeber/transport-und-import/,0,1,0.00%,4
https://modunera.com/standorte/baden-wuerttemberg/eriskirch/,0,1,0.00%,4
https://modunera.com/standorte/baden-wuerttemberg/hochdorf-084/,0,1,0.00%,4
https://modunera.com/standorte/bayern/jettingen-scheppach/,0,1,0.00%,4
https://modunera.com/standorte/bayern/sulzbach-am-main/,0,1,0.00%,4
https://modunera.com/standorte/bayern/urspringen/,0,1,0.00%,4
https://modunera.com/standorte/brandenburg/gramzow/,0,1,0.00%,4
https://modunera.com/standorte/niederlande/gelderland/zonnemaat/,0,1,0.00%,4
https://modunera.com/standorte/nordrhein-westfalen/bad-sassendorf/,0,1,0.00%,4
https://modunera.com/standorte/rheinland-pfalz/bruchweiler-baerenbach/,0,1,0.00%,4
https://modunera.com/standorte/rheinland-pfalz/otterstadt/,0,1,0.00%,4
https://modunera.com/standorte/rheinland-pfalz/winningen/,0,1,0.00%,4
https://modunera.com/standorte/sachsen-anhalt/wallendorf/,0,1,0.00%,4
https://modunera.com/standorte/schweiz/zuerich/hegnau-dammboden-grindel/,0,1,0.00%,4
https://modunera.com/standorte/schweiz/zuerich/maennedorf-ausserfeld/,0,1,0.00%,4
https://modunera.com/en/blog/tiny-house-cladding-thermowood/,0,1,0.00%,5
https://modunera.com/en/locations/denmark/midtjylland/hjortsh-j/,0,1,0.00%,5
https://modunera.com/en/locations/luxembourg/esch-sur-alzette/differdange/,0,1,0.00%,5
https://modunera.com/en/locations/netherlands/drenthe/uffelte/,0,1,0.00%,5
https://modunera.com/en/locations/netherlands/drenthe/zuidlaren/,0,1,0.00%,5
https://modunera.com/en/locations/netherlands/friesland/wommels/,0,1,0.00%,5
https://modunera.com/en/locations/netherlands/groningen/oldehove/,0,1,0.00%,5
https://modunera.com/en/locations/netherlands/limburg/guttecoven/,0,1,0.00%,5
https://modunera.com/en/locations/netherlands/noord-brabant/cranendonck/,0,1,0.00%,5
https://modunera.com/en/locations/netherlands/noord-brabant/gerwen/,0,1,0.00%,5
https://modunera.com/en/locations/netherlands/noord-holland/broek-in-waterland/,0,1,0.00%,5
https://modunera.com/en/locations/netherlands/noord-holland/nieuwe-niedorp/,0,1,0.00%,5
https://modunera.com/en/locations/netherlands/overijssel/borgele/,0,1,0.00%,5
https://modunera.com/en/locations/netherlands/zeeland/kamperland/,0,1,0.00%,5
https://modunera.com/en/locations/switzerland/zuerich/wettswil-wettswil-dorf/,0,1,0.00%,5
https://modunera.com/en/production-faq/,0,1,0.00%,5
https://modunera.com/fr/blog/usage-et-modele-economique/,0,1,0.00%,5
https://modunera.com/nl/blog/tiny-house-in-de-winter/,0,1,0.00%,5
https://modunera.com/nl/blog/tiny-house-oververhitting-zomer/,0,1,0.00%,5
https://modunera.com/nl/productie-faq/,0,1,0.00%,5
https://modunera.com/standorte/bayern/gerbrunn/,0,1,0.00%,5
https://modunera.com/standorte/bayern/hohenpeissenberg/,0,1,0.00%,5
https://modunera.com/standorte/brandenburg/steinhoefel/,0,1,0.00%,5
https://modunera.com/standorte/daenemark/hovedstaden/kokkedal/,0,1,0.00%,5
https://modunera.com/standorte/daenemark/midtjylland/struer/,0,1,0.00%,5
https://modunera.com/standorte/hessen/alsbach-haehnlein/,0,1,0.00%,5
https://modunera.com/standorte/mecklenburg-vorpommern/dranske/,0,1,0.00%,5
https://modunera.com/standorte/schweiz/zuerich/kloten-hostrass/,0,1,0.00%,5
https://modunera.com/blog/tiny-house-reinigung-fehler-checkliste/,0,1,0.00%,6
https://modunera.com/en/locations/denmark/sj-lland/sk-lsk-r/,0,1,0.00%,6
https://modunera.com/en/locations/netherlands/drenthe/exloo/,0,1,0.00%,6
https://modunera.com/en/locations/netherlands/gelderland/horssen/,0,1,0.00%,6
https://modunera.com/en/locations/netherlands/limburg/de-heeg/,0,1,0.00%,6
https://modunera.com/en/locations/netherlands/noord-brabant/loon-op-zand/,0,1,0.00%,6
https://modunera.com/en/locations/netherlands/utrecht/de-hagen/,0,1,0.00%,6
https://modunera.com/en/locations/netherlands/utrecht/schoonrewoerd/,0,1,0.00%,6
https://modunera.com/en/locations/switzerland/solothurn/laupersdorf/,0,1,0.00%,6
https://modunera.com/en/locations/switzerland/solothurn/zuchwil/,0,1,0.00%,6
https://modunera.com/en/locations/switzerland/st-gallen/niederhelfenschwil/,0,1,0.00%,6
https://modunera.com/en/locations/switzerland/valais-wallis/saint-maurice/,0,1,0.00%,6
https://modunera.com/en/locations/switzerland/vaud/la-chaux/,0,1,0.00%,6
https://modunera.com/en/questions/denmark/,0,1,0.00%,6
https://modunera.com/nl/blog/tiny-house-gevelbekleding/,0,1,0.00%,6
https://modunera.com/nl/blog/transport-en-import/,0,1,0.00%,6
https://modunera.com/standorte/baden-wuerttemberg/buchenbach/,0,1,0.00%,6
https://modunera.com/standorte/bayern/ehekirchen/,0,1,0.00%,6
https://modunera.com/standorte/niederlande/groningen/oosterhoogebrug/,0,1,0.00%,6
https://modunera.com/standorte/rheinland-pfalz/birkenheide/,0,1,0.00%,6
https://modunera.com/blog/praxis/das-angebot-lesen/,0,1,0.00%,7
https://modunera.com/blog/tiny-house-bad-fehler-checkliste/,0,1,0.00%,7
https://modunera.com/da/blog/tiny-house-gensalgsvaerdi/,0,1,0.00%,7
https://modunera.com/en/locations/denmark/hovedstaden/br-ndby-strand/,0,1,0.00%,7
https://modunera.com/en/locations/denmark/sj-lland/haslev/,0,1,0.00%,7
https://modunera.com/en/locations/denmark/sj-lland/kirke-hvals/,0,1,0.00%,7
https://modunera.com/en/locations/denmark/syddanmark/thur-by/,0,1,0.00%,7
https://modunera.com/en/locations/netherlands/groningen/reitdiep/,0,1,0.00%,7
https://modunera.com/en/locations/netherlands/noord-brabant/fijnaart/,0,1,0.00%,7
https://modunera.com/en/locations/netherlands/noord-holland/den-burg/,0,1,0.00%,7
https://modunera.com/en/locations/netherlands/overijssel/genemuiden/,0,1,0.00%,7
https://modunera.com/en/locations/switzerland/zuerich/veltheim-kreis-5-rosenberg/,0,1,0.00%,7
https://modunera.com/fr/blog/tiny-house-vivre-a-deux/,0,1,0.00%,7
https://modunera.com/modelle/md-2/,0,1,0.00%,7
https://modunera.com/nl/veelgestelde-vragen/,0,1,0.00%,7
https://modunera.com/standorte/baden-wuerttemberg/eisingen/,0,1,0.00%,7
https://modunera.com/standorte/niederlande/gelderland/brummen/,0,1,0.00%,7
https://modunera.com/standorte/niederlande/zuid-holland/,0,1,0.00%,7
https://modunera.com/standorte/schweiz/zuerich/rueti/,0,1,0.00%,7
https://modunera.com/standorte/schweiz/zuerich/wetzikon/,0,1,0.00%,7
https://modunera.com/blog/tiny-house-stauraum-fehler-checkliste/,0,1,0.00%,8
https://modunera.com/en/locations/denmark/sj-lland/frederiksberg/,0,1,0.00%,8
https://modunera.com/en/locations/luxembourg/esch-sur-alzette/,0,1,0.00%,8
https://modunera.com/en/locations/netherlands/gelderland/aalst/,0,1,0.00%,8
https://modunera.com/en/locations/netherlands/gelderland/buren/,0,1,0.00%,8
https://modunera.com/en/locations/netherlands/groningen/bedum/,0,1,0.00%,8
https://modunera.com/en/locations/netherlands/noord-brabant/berlicum/,0,1,0.00%,8
https://modunera.com/en/locations/netherlands/zuid-holland/the-hague/,0,1,0.00%,8
https://modunera.com/en/locations/switzerland/schwyz/,0,1,0.00%,8
https://modunera.com/en/locations/switzerland/schwyz/goldau/,0,1,0.00%,8
https://modunera.com/en/locations/switzerland/zuerich/ebmatingen/,0,1,0.00%,8
https://modunera.com/en/production-faq/delivery-customs-site/,0,1,0.00%,8
https://modunera.com/nl/nieuws/,0,1,0.00%,8
https://modunera.com/standorte/bayern/stadtlauringen/,0,1,0.00%,8
https://modunera.com/standorte/luxemburg/redange/beckerich/,0,1,0.00%,8
https://modunera.com/standorte/schweiz/zuerich/buelach-seematt/,0,1,0.00%,8
https://modunera.com/standorte/schweiz/zuerich/dietlikon-eichwiesen/,0,1,0.00%,8
https://modunera.com/en/blog/tiny-house-in-winter/,0,1,0.00%,9
https://modunera.com/en/locations/denmark/sj-lland/alholm/,0,1,0.00%,9
https://modunera.com/en/locations/netherlands/gelderland/zevenhuizen/,0,1,0.00%,9
https://modunera.com/en/locations/switzerland/schwyz/siebnen/,0,1,0.00%,9
https://modunera.com/fr/blog/tiny-house-preparation-du-terrain/,0,1,0.00%,9
https://modunera.com/fr/blog/tiny-house-terrasse-et-exterieur/,0,1,0.00%,9
https://modunera.com/fr/questions-par-pays/danemark/,0,1,0.00%,9
https://modunera.com/nl/blog/energie-en-autarkie/,0,1,0.00%,9
https://modunera.com/nl/blog/tiny-house-ventilatie-wtw/,0,1,0.00%,9
https://modunera.com/standorte/daenemark/nordjylland/strandby/,0,1,0.00%,9
https://modunera.com/standorte/schweiz/zuerich/schwerzenbach-chimli/,0,1,0.00%,9
https://modunera.com/standorte/schweiz/zuerich/toess-kreis-4-vorder-daettnau/,0,1,0.00%,9
https://modunera.com/standorte/schweiz/zuerich/zuerich/,0,1,0.00%,9
https://modunera.com/standorte/thueringen/frankenheim/,0,1,0.00%,9
https://modunera.com/blog/tiny-house-solar-fehler-checkliste/,0,1,0.00%,10
https://modunera.com/en/locations/luxembourg/esch-sur-alzette/soleuvre/,0,1,0.00%,10
https://modunera.com/en/locations/luxembourg/mersch/tuntange/,0,1,0.00%,10
https://modunera.com/en/locations/netherlands/gelderland/gorssel/,0,1,0.00%,10
https://modunera.com/en/locations/netherlands/gelderland/velp/,0,1,0.00%,10
https://modunera.com/en/locations/netherlands/noord-brabant/gemert/,0,1,0.00%,10
https://modunera.com/en/locations/netherlands/noord-brabant/naastenbest/,0,1,0.00%,10
https://modunera.com/en/locations/netherlands/noord-brabant/oirschot/,0,1,0.00%,10
https://modunera.com/en/locations/netherlands/noord-brabant/zeelst/,0,1,0.00%,10
https://modunera.com/en/locations/netherlands/noord-holland/venhuizen/,0,1,0.00%,10
https://modunera.com/en/locations/netherlands/utrecht/baarn/,0,1,0.00%,10
https://modunera.com/en/locations/netherlands/utrecht/vinkeveen/,0,1,0.00%,10
https://modunera.com/en/locations/switzerland/appenzell-ausserrhoden/gais/,0,1,0.00%,10
https://modunera.com/en/locations/switzerland/glarus/mollis/,0,1,0.00%,10
https://modunera.com/en/locations/switzerland/schwyz/lachen/,0,1,0.00%,10
https://modunera.com/en/locations/switzerland/solothurn/kleinluetzel/,0,1,0.00%,10
https://modunera.com/en/locations/switzerland/zuerich/oberglatt-bahnhofquartier/,0,1,0.00%,10
https://modunera.com/fr/blog/technique-et-construction/,0,1,0.00%,10
https://modunera.com/fr/blog/tiny-house-cuisine/,0,1,0.00%,10
https://modunera.com/nl/blog/tiny-house-met-huisdieren/,0,1,0.00%,10
https://modunera.com/standorte/hessen/steinau-an-der-strasse/,0,1,0.00%,10
https://modunera.com/da/blog/sammenligning-og-alternativer/,0,1,0.00%,11
https://modunera.com/da/blog/tiny-house-byggemodning/,0,1,0.00%,11
https://modunera.com/da/blog/tiny-house-forsikring/,0,1,0.00%,11
https://modunera.com/en/locations/netherlands/gelderland/culemborg/,0,1,0.00%,11
https://modunera.com/en/locations/netherlands/gelderland/nijkerk/,0,1,0.00%,11
https://modunera.com/en/locations/netherlands/groningen/midwolda/,0,1,0.00%,11
https://modunera.com/en/locations/netherlands/limburg/brunssum/,0,1,0.00%,11
https://modunera.com/en/locations/netherlands/noord-brabant/esch/,0,1,0.00%,11
https://modunera.com/en/locations/netherlands/noord-brabant/genderen/,0,1,0.00%,11
https://modunera.com/en/locations/netherlands/noord-brabant/molenhoek/,0,1,0.00%,11
https://modunera.com/fr/services/bungalows/,0,1,0.00%,11
https://modunera.com/nl/blog/techniek-en-constructie/,0,1,0.00%,11
https://modunera.com/standorte/baden-wuerttemberg/muellheim/,0,1,0.00%,11
https://modunera.com/standorte/bayern/burgsinn/,0,1,0.00%,11
https://modunera.com/standorte/bayern/egenhofen/,0,1,0.00%,11
https://modunera.com/standorte/niederlande/noord-holland/wijdenes/,0,1,0.00%,11
https://modunera.com/standorte/schweiz/zuerich/wuelflingen-kreis-6-oberfeld/,0,1,0.00%,11
https://modunera.com/en/locations/netherlands/gelderland/hoevelaken/,0,1,0.00%,12
https://modunera.com/en/locations/netherlands/gelderland/rheden/,0,1,0.00%,12
https://modunera.com/en/locations/netherlands/limburg/malberg/,0,1,0.00%,12
https://modunera.com/en/locations/netherlands/noord-brabant/middelbeers/,0,1,0.00%,12
https://modunera.com/standorte/baden-wuerttemberg/eschelbronn/,0,1,0.00%,12
https://modunera.com/standorte/bayern/fuchsmuehl/,0,1,0.00%,12
https://modunera.com/standorte/bayern/neustadt-am-main/,0,1,0.00%,12
https://modunera.com/standorte/niederlande/noord-holland/tuitjenhorn/,0,1,0.00%,12
https://modunera.com/en/locations/netherlands/gelderland/doornspijk/,0,1,0.00%,13
https://modunera.com/standorte/bayern/heidenheim/,0,1,0.00%,13
https://modunera.com/standorte/bayern/oberhaid/,0,1,0.00%,13
https://modunera.com/standorte/hamburg/kleiner-grasbrook/,0,1,0.00%,13
https://modunera.com/standorte/niederlande/noord-holland/limmen/,0,1,0.00%,13
https://modunera.com/standorte/sachsen/elsterberg/,0,1,0.00%,13
https://modunera.com/en/locations/netherlands/noord-brabant/lierop/,0,1,0.00%,14
https://modunera.com/en/locations/switzerland/neuchatel/auvernier/,0,1,0.00%,14
https://modunera.com/en/locations/switzerland/thurgau/ermatingen/,0,1,0.00%,14
https://modunera.com/standorte/bayern/grossenseebach/,0,1,0.00%,14
https://modunera.com/standorte/berlin/hermsdorf/,0,1,0.00%,14
https://modunera.com/standorte/schweiz/zuerich/zuerich-kreis-4-aussersihl/,0,1,0.00%,14
https://modunera.com/en/locations/netherlands/gelderland/heerewaarden/,0,1,0.00%,15
https://modunera.com/standorte/bayern/grossheirath/,0,1,0.00%,16
https://modunera.com/da/blog/tiny-house-opvarmning-sammenlignet/,0,1,0.00%,18
https://modunera.com/en/locations/netherlands/gelderland/ede/,0,1,0.00%,18
https://modunera.com/fr/blog/tiny-house-assurance/,0,1,0.00%,23
https://modunera.com/standorte/bayern/adelsried/,0,1,0.00%,24
https://modunera.com/en/locations/switzerland/schwyz/schindellegi/,0,1,0.00%,25
https://modunera.com/konfigurator/?ort=Wulfen,0,1,0.00%,26
https://modunera.com/standorte/schleswig-holstein/eddelak/,0,1,0.00%,26
https://modunera.com/en/locations/switzerland/aargau/vordemwald/,0,1,0.00%,36
https://modunera.com/standorte/schweiz/zuerich/wuelflingen-kreis-6-haerti/,0,1,0.00%,37
https://modunera.com/en/locations/switzerland/zuerich/kuesnacht-schiedhalden/,0,1,0.00%,43
https://modunera.com/nl/blog/tiny-house-terreinvoorbereiding/,0,1,0.00%,44
https://modunera.com/en/blog/tiny-house-order-checklist/,0,1,0.00%,51
https://modunera.com/en/locations/netherlands/noord-holland/amsterdam-zuidoost/,0,1,0.00%,58
https://modunera.com/blog/tiny-house-kaufen-leitfaden/,0,1,0.00%,59
https://modunera.com/standorte/bayern/mehring/,0,1,0.00%,59
https://modunera.com/standorte/schweiz/jura/le-noirmont/,0,1,0.00%,63
https://modunera.com/fr/blog/couts-et-financement/,0,1,0.00%,70
https://modunera.com/standorte/berlin/friedenau/,0,1,0.00%,70
https://modunera.com/standorte/bayern/kettershausen/,0,1,0.00%,71
https://modunera.com/nl/vragen-per-land/nederland/,0,1,0.00%,72
https://modunera.com/standorte/niederlande/drenthe/ruinen/,0,1,0.00%,72
https://modunera.com/standorte/bayern/muenchsteinach/,0,1,0.00%,77
https://modunera.com/standorte/berlin/dahlem/,0,1,0.00%,79
https://modunera.com/en/locations/netherlands/friesland/noardburgum/,0,1,0.00%,84
https://modunera.com/konfigurator/?ort=Rambin,0,1,0.00%,84
https://modunera.com/en/services/steel-structures/,0,1,0.00%,85
https://modunera.com/en/locations/netherlands/friesland/hollum/,0,1,0.00%,90
https://modunera.com/standorte/niederlande/noord-holland/heerhugowaard/,0,1,0.00%,95
