En çok yapılan sorgular,Tıklamalar,Gösterimler,TO,Pozisyon
tiny house dänemark kaufen,1,25,4.00%,7.08
tiny haus in dänemark kaufen,1,4,25.00%,6.75
tiny house bad abbach,1,3,33.33%,8
tiny house planen lassen,0,59,0.00%,57.9
modulbyggeri,0,57,0.00%,51.26
tiny house in dänemark kaufen,0,40,0.00%,7.42
tiny house danmark regler,0,33,0.00%,46.33
md8,0,31,0.00%,59.26
leistungsbegrenzung föhn,0,29,0.00%,1.79
md 8 xp,0,28,0.00%,59.79
tiny house indeling,0,26,0.00%,15.38
tiny house baugenehmigung,0,25,0.00%,66.76
wie funktioniert leistungsbegrenzung föhn,0,22,0.00%,2.23
tiny house bouwer friesland,0,21,0.00%,61.52
tiny house genehmigung,0,21,0.00%,72.71
containerbouw,0,20,0.00%,21.15
modulbyggeri erhverv,0,20,0.00%,30.8
tiny house bouwer emmen,0,16,0.00%,76.88
fondation tiny house sans béton,0,15,0.00%,21.73
home office tiny house,0,14,0.00%,29.57
tiny house finanzierung,0,14,0.00%,62
ökologische tiny houses,0,14,0.00%,80.57
tiny house frederikssund,0,13,0.00%,25.08
tiny house køge,0,13,0.00%,28.15
tiny house versicherung,0,13,0.00%,76.69
tiny house kopen friesland,0,13,0.00%,89.85
fondation tiny house,0,12,0.00%,12.42
tiny house konfigurator,0,12,0.00%,39.75
tiny house regler danmark,0,12,0.00%,43.42
tredsårig,0,11,0.00%,9.36
tiny house financieren,0,11,0.00%,31
tiny house uden byggetilladelse,0,10,0.00%,22.6
tiny house vejle,0,10,0.00%,28.5
micro station d'épuration tiny house,0,10,0.00%,31
hostrass,0,9,0.00%,4.89
tiny house denmark,0,9,0.00%,23.22
tiny house met vergunning,0,9,0.00%,40.33
vinduer med indbygget mørklægning,0,9,0.00%,42
modulhaus baugenehmigung,0,9,0.00%,60.11
gevelverwarming,0,9,0.00%,89.56
auto-construction tiny house suisse,0,8,0.00%,3.38
tiny house finansiering,0,8,0.00%,25.25
fertighaus memmingen,0,8,0.00%,59.12
tiny house kredit,0,8,0.00%,85.12
modulbyggeri finansiering,0,7,0.00%,27.71
tiny house dämmung,0,7,0.00%,38.29
tiny house regler,0,7,0.00%,50.86
tiny house remich,0,6,0.00%,6.17
tiny house pieux vissés,0,6,0.00%,9
tiny house ulm kaufen,0,6,0.00%,10.33
fundering tiny house,0,6,0.00%,72.67
tiny house nachhaltig,0,6,0.00%,74
modulhaus konfigurator,0,6,0.00%,87.5
tiny house vinterisolering,0,5,0.00%,19.6
md 8,0,5,0.00%,22.2
tiny house versichern,0,5,0.00%,26
tiny house remote work europa,0,5,0.00%,27.6
tiny house en vergunning,0,5,0.00%,39
tiny house lån,0,5,0.00%,51.4
modulært byggeri,0,5,0.00%,52.6
md småhus,0,5,0.00%,63.2
tiny house vergunning,0,5,0.00%,66.6
baugenehmigung tiny house,0,5,0.00%,73.2
trappesystem til containerbyggeri,0,4,0.00%,10.75
tiny house neuchâtel,0,4,0.00%,17
specialfremstillede møbler,0,4,0.00%,26
tiny house bern,0,4,0.00%,28
tauwasser,0,4,0.00%,29.75
tiny house remote arbeiten,0,4,0.00%,33
md 7,0,4,0.00%,33.25
tiny house online planen,0,4,0.00%,41.25
tiny house hersteller bayern,0,4,0.00%,41.75
tiny house configurator,0,4,0.00%,58.25
modulhaus lebensdauer,0,4,0.00%,85.25
tiny house luxembourg,0,3,0.00%,2.33
tiny house sint oedenrode,0,3,0.00%,7.67
tiny house wetzikon,0,3,0.00%,8
tiny house mühlhausen,0,3,0.00%,10
tiny house comme bureau,0,3,0.00%,18.33
abwasser tiny house,0,3,0.00%,22.67
transport af modulbyggeri,0,3,0.00%,28.67
tiny house bern kaufen,0,3,0.00%,40.33
tiny house konfigurieren,0,3,0.00%,40.67
modulhaus baden-württemberg,0,3,0.00%,46
tiny house baugenehmigung nrw,0,3,0.00%,47
tiny house vergunningsvrij,0,3,0.00%,59.33
tiny house bebauungsplan,0,3,0.00%,64.33
tiny house bouwen drenthe,0,3,0.00%,66
fertighäuser himmelkron,0,3,0.00%,73
nachhaltiges tinyhaus,0,3,0.00%,74.33
wohnmodul konfigurator,0,3,0.00%,74.67
tiny house bauantrag,0,3,0.00%,75.33
nachhaltiges tiny house,0,3,0.00%,84.67
conteneur modulaire,0,3,0.00%,86.33
modulhaus finanzierung,0,3,0.00%,88.33
tiny house ammersee kaufen,0,2,0.00%,3.5
tiny house rietberg,0,2,0.00%,5
tiny haus bad abbach,0,2,0.00%,6.5
ja,0,2,0.00%,9
tiny house landstuhl,0,2,0.00%,10
tiny house hvide sande,0,2,0.00%,12
tiny house in der nähe,0,2,0.00%,13
tiny house et canicule,0,2,0.00%,13.5
tiny house zwijndrecht,0,2,0.00%,14
tiny house tegernsee,0,2,0.00%,16
tiny house assen,0,2,0.00%,17
design küche günthersleben,0,2,0.00%,19.5
quelle fondation pour une tiny house,0,2,0.00%,21
inneneinrichtung nach maß,0,2,0.00%,23
tiny küche,0,2,0.00%,23
verplaatsen tiny house,0,2,0.00%,24.5
financiering tiny house,0,2,0.00%,28
tiny house abwasser,0,2,0.00%,30.5
tiny house baurecht österreich,0,2,0.00%,41
container haus innenausbau,0,2,0.00%,48
afmetingen tiny house,0,2,0.00%,56
fertighaus aus holland,0,2,0.00%,56
fertighaus niederlande,0,2,0.00%,57.5
tiny house wasseranschluss,0,2,0.00%,57.5
logement modulaire,0,2,0.00%,58.5
modulhaus bayern,0,2,0.00%,59
modulhaus nordrhein-westfalen,0,2,0.00%,59.5
tiny home zoning,0,2,0.00%,63.5
planungstool für gebäude und quartiere,0,2,0.00%,65
fertighaus nederland,0,2,0.00%,66
tiny house regulations,0,2,0.00%,68.5
tiny haus baugenehmigung,0,2,0.00%,69.5
modunest,0,2,0.00%,70.5
braucht man für ein tiny house eine baugenehmigung,0,2,0.00%,71
construction modulaires,0,2,0.00%,72
modulbau bayern,0,2,0.00%,74
minimum lot sizes,0,2,0.00%,75
modulhaus niederbayern,0,2,0.00%,75
tiny house schlüsselfertig konfigurieren,0,2,0.00%,75.5
md 01,0,2,0.00%,76
legislation tiny house,0,2,0.00%,78.5
modulhus,0,2,0.00%,78.5
tiny house utrecht kopen,0,2,0.00%,78.5
mobile home planning permission,0,2,0.00%,80
modulhaus regensburg,0,2,0.00%,82.5
kredit für tiny house,0,2,0.00%,83.5
construire sa tiny house belgique,0,2,0.00%,88.5
tiny house förderung,0,2,0.00%,94.5
documenten vergunning tiny house,0,2,0.00%,95
ein wohngebäude,0,1,0.00%,1
in denemarken,0,1,0.00%,1
pictures,0,1,0.00%,1
selbst bewohnen,0,1,0.00%,1
tiny house nuenen,0,1,0.00%,1
modulera,0,1,0.00%,2
what about germany,0,1,0.00%,2
nu,0,1,0.00%,3
tiny house ludwigsburg kaufen,0,1,0.00%,3
netherlands,0,1,0.00%,4
oui,0,1,0.00%,4
tiny aalst,0,1,0.00%,4
tiny house in dänemark,0,1,0.00%,4
yes,0,1,0.00%,4
differdange,0,1,0.00%,5
permits+furniture,0,1,0.00%,5
tiny house permit,0,1,0.00%,5
module construction,0,1,0.00%,7
er det lovligt i danmark,0,1,0.00%,8
suiza?,0,1,0.00%,8
tiny bülach,0,1,0.00%,8
tiny house bodensee kaufen,0,1,0.00%,8
douche tiny house,0,1,0.00%,9
import aus der türkei,0,1,0.00%,9
importere modulhus fra europa til danmark,0,1,0.00%,9
md veranda,0,1,0.00%,9
transport tiny house,0,1,0.00%,9
dänemark tiny house,0,1,0.00%,10
fundament tiny house,0,1,0.00%,10
küche nach maß köthen,0,1,0.00%,10
tiny house aargau,0,1,0.00%,10
tiny house göppingen,0,1,0.00%,10
tiny house locations,0,1,0.00%,10
tiny house rhön kaufen,0,1,0.00%,10
tiny house winterthur,0,1,0.00%,10
kloten freienberg,0,1,0.00%,11
md-8,0,1,0.00%,11
tiny house kressbronn,0,1,0.00%,11
tiny house midwolda,0,1,0.00%,11
tiny house évacuation eaux usées,0,1,0.00%,11
tiny rebel middelburg,0,1,0.00%,11
handmade bayerbach,0,1,0.00%,12
glamping tiny house,0,1,0.00%,13
other,0,1,0.00%,13
tiny house schweinfurt,0,1,0.00%,13
dudelange,0,1,0.00%,14
hauteur mezzanine tiny house,0,1,0.00%,14
beides,0,1,0.00%,15
küche für tiny house,0,1,0.00%,18
tiny house vinge,0,1,0.00%,19
tiny house zoning laws,0,1,0.00%,19
tiny house zürich,0,1,0.00%,19
tiny house foundation,0,1,0.00%,21
modulbyggeri pris,0,1,0.00%,22
tiny house küche,0,1,0.00%,22
assurance tiny house,0,1,0.00%,23
verschil chalet tiny house,0,1,0.00%,23
tiny haus küche,0,1,0.00%,24
tiny house hotel glamping,0,1,0.00%,24
tiny house plain pied,0,1,0.00%,24
vergunning tiny house op eigen grond,0,1,0.00%,25
tiny house dänemark,0,1,0.00%,27
tiny house türkei,0,1,0.00%,27
tiny house schroeffundering,0,1,0.00%,30
modulhaus schleswig-holstein,0,1,0.00%,31
tiny house ulm,0,1,0.00%,32
dämmung tiny house,0,1,0.00%,33
tiny house als kantoor,0,1,0.00%,33
tiny house boxtel,0,1,0.00%,34
tiny house siedlung kassel,0,1,0.00%,34
wie schwer ist ein haus,0,1,0.00%,35
bardage tiny house,0,1,0.00%,36
tiny house germany,0,1,0.00%,36
tiny house konfigurator österreich,0,1,0.00%,36
tiny house finanzieren,0,1,0.00%,38
tiny office,0,1,0.00%,38
fertighaus himmelkron,0,1,0.00%,39
tiny house deutschland,0,1,0.00%,39
lening tiny house,0,1,0.00%,40
tiny house brandenburg kaufen,0,1,0.00%,40
tiny house genehmigung nrw,0,1,0.00%,42
planning en aanlevering,0,1,0.00%,44
tiny house büro,0,1,0.00%,44
tiny house genehmigung österreich,0,1,0.00%,44
tiny house mit grundstück kaufen bodensee,0,1,0.00%,44
tiny house rheinland-pfalz,0,1,0.00%,44
rammekonstruktion,0,1,0.00%,45
schroeffundering modulaire woning,0,1,0.00%,45
specialfremstillede løsninger til byrum,0,1,0.00%,45
tiny house baugenehmigung baden-württemberg,0,1,0.00%,45
tiny house kaufen norddeutschland,0,1,0.00%,45
tiny home foundation system,0,1,0.00%,46
tiny house kaufen bayern,0,1,0.00%,47
modulaire woning schroeffundering,0,1,0.00%,48
modulbygninger,0,1,0.00%,48
tiny house hypotheek,0,1,0.00%,49
modulaires a mesure,0,1,0.00%,50
wie viel wiegt ein einfamilienhaus,0,1,0.00%,50
faq tiny house,0,1,0.00%,51
tiny house geneve,0,1,0.00%,51
tiny house laws,0,1,0.00%,51
md-7,0,1,0.00%,52
resale value of tiny homes,0,1,0.00%,52
tiny house foundation options,0,1,0.00%,52
modulbyg,0,1,0.00%,53
are tiny houses legal,0,1,0.00%,54
minimum dwelling,0,1,0.00%,54
modulhaus brandenburg,0,1,0.00%,54
modullux tiny house,0,1,0.00%,54
modulbyggeri træ,0,1,0.00%,55
modulhaus türkei,0,1,0.00%,55
tiny home permit,0,1,0.00%,55
tiny häuser brandenburg,0,1,0.00%,55
community permit planning system,0,1,0.00%,56
do portable buildings need permits,0,1,0.00%,56
md08,0,1,0.00%,57
tauwasserausfall,0,1,0.00%,57
tiny house baugenehmigung brandenburg,0,1,0.00%,57
tiny house bayern,0,1,0.00%,58
tiny house beratung,0,1,0.00%,58
can you place a tiny home on your property,0,1,0.00%,59
tiny house planen,0,1,0.00%,59
custom permit,0,1,0.00%,60
fleksibelt modulbyggeri,0,1,0.00%,60
mikrohaus konfigurieren,0,1,0.00%,60
era prefab systems,0,1,0.00%,61
local modulaire,0,1,0.00%,63
minimum lot area,0,1,0.00%,63
præfabrikeret modulbyggeri,0,1,0.00%,63
tiny home zoning laws,0,1,0.00%,63
tiny house building codes,0,1,0.00%,63
unités modulaires,0,1,0.00%,63
construction modulaire,0,1,0.00%,64
mobile home permit,0,1,0.00%,64
modulopbyggede rum,0,1,0.00%,64
tiny house legislativa,0,1,0.00%,65
minimum dwelling size,0,1,0.00%,66
modulhaus transport,0,1,0.00%,66
wo gibt es tiny house siedlungen in deutschland,0,1,0.00%,66
do you need a permit for a mobile home,0,1,0.00%,67
modul hus,0,1,0.00%,67
modulbau container,0,1,0.00%,67
thermowood beklædning,0,1,0.00%,67
tiny house zoning,0,1,0.00%,67
2.md.8,0,1,0.00%,68
modul huse,0,1,0.00%,68
conteneur modulable,0,1,0.00%,69
epaisseur mur tiny house,0,1,0.00%,69
permit for addition to house,0,1,0.00%,69
modulhaus berlin,0,1,0.00%,70
do you need a permit for a tiny house on wheels,0,1,0.00%,71
modulhuse,0,1,0.00%,71
tiny house drenthe,0,1,0.00%,72
tiny house ohne baugenehmigung,0,1,0.00%,72
zoning laws for tiny homes,0,1,0.00%,72
house addition permit,0,1,0.00%,73
portable homes no council approval,0,1,0.00%,73
tiny house 90 qm,0,1,0.00%,73
permits for home additions,0,1,0.00%,74
stålmoduler,0,1,0.00%,75
tiny house in tuin vergunning,0,1,0.00%,76
tiny house rules,0,1,0.00%,76
bygge med moduler,0,1,0.00%,77
tiny house autonome,0,1,0.00%,78
tiny house bouwen zeeland,0,1,0.00%,78
stribefundament,0,1,0.00%,79
hausanbau dormagen,0,1,0.00%,80
modulhaus konfigurieren,0,1,0.00%,80
tiny house fundament kosten,0,1,0.00%,80
fondation légère habitat modulaire,0,1,0.00%,81
tiny house genehmigungsfrei,0,1,0.00%,81
tiny house kopen emmen,0,1,0.00%,82
modulbygg,0,1,0.00%,83
tiny house für tourismus,0,1,0.00%,83
tiny house size limits,0,1,0.00%,83
fondation habitat léger modulaire,0,1,0.00%,84
mini häuser schweiz,0,1,0.00%,84
modulhaus ruhrgebiet,0,1,0.00%,84
tiny house biberach,0,1,0.00%,85
tiny house nachhaltig wohnen,0,1,0.00%,85
modulair bouwen op een event,0,1,0.00%,86
modulhaus dresden,0,1,0.00%,86
tiny house friesland kopen,0,1,0.00%,86
small lot housing code,0,1,0.00%,88
zoning for manufactured homes,0,1,0.00%,91
do i need a permit to build a tiny home,0,1,0.00%,92
tiny house requirements,0,1,0.00%,92
tiny büro,0,1,0.00%,93
braucht man für ein tiny haus eine baugenehmigung,0,1,0.00%,94
kosten tiny house,0,1,0.00%,94
tiny house vermieten rendite,0,1,0.00%,94
kosten tiny haus,0,1,0.00%,96
tiny house bauen kosten,0,1,0.00%,97
tiny house schaffhausen,0,1,0.00%,97
prefab huis groningen,0,1,0.00%,99
tiny haus genehmigung,0,1,0.00%,99
mini haus bauen kosten,0,1,0.00%,100
minihaus anbieter,0,1,0.00%,100
